[
	{
		"STATE": "NAGALAND",
		"NO_CONTESTING_CANDIDATES": 4,
		"EDUCATION_INDEX": 4.0,
		"STANDARD_EDUCATION_LEVEL": "Post Graduate"
	},
	{
		"STATE": "DAMAN AND DIU",
		"NO_CONTESTING_CANDIDATES": 4,
		"EDUCATION_INDEX": 0.0,
		"STANDARD_EDUCATION_LEVEL": "Literate"
	},
	{
		"STATE": "WEST BENGAL",
		"NO_CONTESTING_CANDIDATES": 466,
		"EDUCATION_INDEX": 3.0,
		"STANDARD_EDUCATION_LEVEL": "Graduate"
	},
	{
		"STATE": "HIMACHAL PRADESH",
		"NO_CONTESTING_CANDIDATES": 57,
		"EDUCATION_INDEX": 3.0,
		"STANDARD_EDUCATION_LEVEL": "Graduate"
	},
	{
		"STATE": "MEGHALAYA",
		"NO_CONTESTING_CANDIDATES": 9,
		"EDUCATION_INDEX": 3.0,
		"STANDARD_EDUCATION_LEVEL": "Graduate"
	},
	{
		"STATE": "MANIPUR",
		"NO_CONTESTING_CANDIDATES": 19,
		"EDUCATION_INDEX": 3.0,
		"STANDARD_EDUCATION_LEVEL": "Graduate"
	},
	{
		"STATE": "NATIONAL CAPITAL TERRITORY OF DELHI",
		"NO_CONTESTING_CANDIDATES": 159,
		"EDUCATION_INDEX": 3.0,
		"STANDARD_EDUCATION_LEVEL": "Graduate"
	},
	{
		"STATE": "ANDHRA PRADESH",
		"NO_CONTESTING_CANDIDATES": 315,
		"EDUCATION_INDEX": 3.0,
		"STANDARD_EDUCATION_LEVEL": "Graduate"
	},
	{
		"STATE": "ODISHA",
		"NO_CONTESTING_CANDIDATES": 173,
		"EDUCATION_INDEX": 3.0,
		"STANDARD_EDUCATION_LEVEL": "Graduate"
	},
	{
		"STATE": "PUDUCHERRY",
		"NO_CONTESTING_CANDIDATES": 17,
		"EDUCATION_INDEX": 3.0,
		"STANDARD_EDUCATION_LEVEL": "Graduate"
	},
	{
		"STATE": "JHARKHAND",
		"NO_CONTESTING_CANDIDATES": 227,
		"EDUCATION_INDEX": 3.0,
		"STANDARD_EDUCATION_LEVEL": "Graduate"
	},
	{
		"STATE": "RAJASTHAN",
		"NO_CONTESTING_CANDIDATES": 249,
		"EDUCATION_INDEX": 3.0,
		"STANDARD_EDUCATION_LEVEL": "Graduate"
	},
	{
		"STATE": "HARYANA",
		"NO_CONTESTING_CANDIDATES": 223,
		"EDUCATION_INDEX": 3.0,
		"STANDARD_EDUCATION_LEVEL": "Graduate"
	},
	{
		"STATE": "SIKKIM",
		"NO_CONTESTING_CANDIDATES": 11,
		"EDUCATION_INDEX": 3.0,
		"STANDARD_EDUCATION_LEVEL": "Graduate"
	},
	{
		"STATE": "GOA",
		"NO_CONTESTING_CANDIDATES": 12,
		"EDUCATION_INDEX": 3.0,
		"STANDARD_EDUCATION_LEVEL": "Graduate"
	},
	{
		"STATE": "TRIPURA",
		"NO_CONTESTING_CANDIDATES": 23,
		"EDUCATION_INDEX": 3.0,
		"STANDARD_EDUCATION_LEVEL": "Graduate"
	},
	{
		"STATE": "UTTAR PRADESH",
		"NO_CONTESTING_CANDIDATES": 932,
		"EDUCATION_INDEX": 3.0,
		"STANDARD_EDUCATION_LEVEL": "Graduate"
	},
	{
		"STATE": "UTTARAKHAND",
		"NO_CONTESTING_CANDIDATES": 51,
		"EDUCATION_INDEX": 3.0,
		"STANDARD_EDUCATION_LEVEL": "Graduate"
	},
	{
		"STATE": "ASSAM",
		"NO_CONTESTING_CANDIDATES": 144,
		"EDUCATION_INDEX": 3.0,
		"STANDARD_EDUCATION_LEVEL": "Graduate"
	},
	{
		"STATE": "ARUNACHAL PRADESH",
		"NO_CONTESTING_CANDIDATES": 12,
		"EDUCATION_INDEX": 3.0,
		"STANDARD_EDUCATION_LEVEL": "Graduate"
	},
	{
		"STATE": "MIZORAM",
		"NO_CONTESTING_CANDIDATES": 6,
		"EDUCATION_INDEX": 3.0,
		"STANDARD_EDUCATION_LEVEL": "Graduate"
	},
	{
		"STATE": "PUNJAB",
		"NO_CONTESTING_CANDIDATES": 277,
		"EDUCATION_INDEX": 2.0,
		"STANDARD_EDUCATION_LEVEL": "12th Pass"
	},
	{
		"STATE": "TAMIL NADU",
		"NO_CONTESTING_CANDIDATES": 804,
		"EDUCATION_INDEX": 2.0,
		"STANDARD_EDUCATION_LEVEL": "12th Pass"
	},
	{
		"STATE": "ANDAMAN AND NICOBAR ISLANDS",
		"NO_CONTESTING_CANDIDATES": 15,
		"EDUCATION_INDEX": 2.0,
		"STANDARD_EDUCATION_LEVEL": "12th Pass"
	},
	{
		"STATE": "MAHARASHTRA",
		"NO_CONTESTING_CANDIDATES": 836,
		"EDUCATION_INDEX": 2.0,
		"STANDARD_EDUCATION_LEVEL": "12th Pass"
	},
	{
		"STATE": "LAKSHADWEEP",
		"NO_CONTESTING_CANDIDATES": 6,
		"EDUCATION_INDEX": 2.0,
		"STANDARD_EDUCATION_LEVEL": "12th Pass"
	},
	{
		"STATE": "KERALA",
		"NO_CONTESTING_CANDIDATES": 220,
		"EDUCATION_INDEX": 2.0,
		"STANDARD_EDUCATION_LEVEL": "12th Pass"
	},
	{
		"STATE": "KARNATAKA",
		"NO_CONTESTING_CANDIDATES": 469,
		"EDUCATION_INDEX": 2.0,
		"STANDARD_EDUCATION_LEVEL": "12th Pass"
	},
	{
		"STATE": "JAMMU AND KASHMIR",
		"NO_CONTESTING_CANDIDATES": 79,
		"EDUCATION_INDEX": 2.0,
		"STANDARD_EDUCATION_LEVEL": "12th Pass"
	},
	{
		"STATE": "DADRA AND NAGAR HAVELI",
		"NO_CONTESTING_CANDIDATES": 11,
		"EDUCATION_INDEX": 2.0,
		"STANDARD_EDUCATION_LEVEL": "12th Pass"
	},
	{
		"STATE": "CHHATTISGARH",
		"NO_CONTESTING_CANDIDATES": 165,
		"EDUCATION_INDEX": 2.0,
		"STANDARD_EDUCATION_LEVEL": "12th Pass"
	},
	{
		"STATE": "CHANDIGARH",
		"NO_CONTESTING_CANDIDATES": 36,
		"EDUCATION_INDEX": 2.0,
		"STANDARD_EDUCATION_LEVEL": "12th Pass"
	},
	{
		"STATE": "BIHAR",
		"NO_CONTESTING_CANDIDATES": 655,
		"EDUCATION_INDEX": 2.0,
		"STANDARD_EDUCATION_LEVEL": "12th Pass"
	},
	{
		"STATE": "MADHYA PRADESH",
		"NO_CONTESTING_CANDIDATES": 434,
		"EDUCATION_INDEX": 2.0,
		"STANDARD_EDUCATION_LEVEL": "12th Pass"
	},
	{
		"STATE": "GUJARAT",
		"NO_CONTESTING_CANDIDATES": 371,
		"EDUCATION_INDEX": 1.0,
		"STANDARD_EDUCATION_LEVEL": "10th Pass"
	},
	{
		"STATE": "TELANGANA",
		"NO_CONTESTING_CANDIDATES": 439,
		"EDUCATION_INDEX": 1.0,
		"STANDARD_EDUCATION_LEVEL": "10th Pass"
	}
]