[
	{
		"PARTY": "Jan Adhikar Party (Loktantrik)",
		"NO_CONTESTING_CANDIDATES": 1,
		"PENDING_CRIMINAL_CASES_PER_CANDIDATE": 31.0
	},
	{
		"PARTY": "Jharkhand Vikas Morcha (Prajatantrik)",
		"NO_CONTESTING_CANDIDATES": 2,
		"PENDING_CRIMINAL_CASES_PER_CANDIDATE": 11.5
	},
	{
		"PARTY": "Uttar Pradesh Navnirman Sena",
		"NO_CONTESTING_CANDIDATES": 1,
		"PENDING_CRIMINAL_CASES_PER_CANDIDATE": 9.0
	},
	{
		"PARTY": "Swabhimani Paksha",
		"NO_CONTESTING_CANDIDATES": 2,
		"PENDING_CRIMINAL_CASES_PER_CANDIDATE": 9.0
	},
	{
		"PARTY": "Loksangram",
		"NO_CONTESTING_CANDIDATES": 1,
		"PENDING_CRIMINAL_CASES_PER_CANDIDATE": 8.0
	},
	{
		"PARTY": "Jantantrik Vikas Party",
		"NO_CONTESTING_CANDIDATES": 3,
		"PENDING_CRIMINAL_CASES_PER_CANDIDATE": 7.33
	},
	{
		"PARTY": "Bharateeya Manavadhikar party",
		"NO_CONTESTING_CANDIDATES": 2,
		"PENDING_CRIMINAL_CASES_PER_CANDIDATE": 7.0
	},
	{
		"PARTY": "Rashtriya Matadata Party",
		"NO_CONTESTING_CANDIDATES": 1,
		"PENDING_CRIMINAL_CASES_PER_CANDIDATE": 5.0
	},
	{
		"PARTY": "AIMIM",
		"NO_CONTESTING_CANDIDATES": 2,
		"PENDING_CRIMINAL_CASES_PER_CANDIDATE": 4.5
	},
	{
		"PARTY": "All India Majlis-E-Ittehadul Muslimeen",
		"NO_CONTESTING_CANDIDATES": 1,
		"PENDING_CRIMINAL_CASES_PER_CANDIDATE": 4.0
	},
	{
		"PARTY": "United Democratic Front Secular",
		"NO_CONTESTING_CANDIDATES": 1,
		"PENDING_CRIMINAL_CASES_PER_CANDIDATE": 4.0
	},
	{
		"PARTY": "Bhartiya Sarvjan Hitey Samaj Party",
		"NO_CONTESTING_CANDIDATES": 1,
		"PENDING_CRIMINAL_CASES_PER_CANDIDATE": 4.0
	},
	{
		"PARTY": "Rashtra Sewa Dal",
		"NO_CONTESTING_CANDIDATES": 1,
		"PENDING_CRIMINAL_CASES_PER_CANDIDATE": 4.0
	},
	{
		"PARTY": "Netaji Subhash Chander Bose Rashtriya Azad Pa",
		"NO_CONTESTING_CANDIDATES": 1,
		"PENDING_CRIMINAL_CASES_PER_CANDIDATE": 4.0
	},
	{
		"PARTY": "Rashtriya Lok Samta Party",
		"NO_CONTESTING_CANDIDATES": 5,
		"PENDING_CRIMINAL_CASES_PER_CANDIDATE": 3.6
	},
	{
		"PARTY": "DMDK",
		"NO_CONTESTING_CANDIDATES": 4,
		"PENDING_CRIMINAL_CASES_PER_CANDIDATE": 3.5
	},
	{
		"PARTY": "Maharashtra Swabhimaan Paksh",
		"NO_CONTESTING_CANDIDATES": 2,
		"PENDING_CRIMINAL_CASES_PER_CANDIDATE": 3.5
	},
	{
		"PARTY": "Jansatta Dal Loktantrik",
		"NO_CONTESTING_CANDIDATES": 2,
		"PENDING_CRIMINAL_CASES_PER_CANDIDATE": 3.5
	},
	{
		"PARTY": "Pattali Makkal Katchi",
		"NO_CONTESTING_CANDIDATES": 6,
		"PENDING_CRIMINAL_CASES_PER_CANDIDATE": 3.17
	},
	{
		"PARTY": "Bahujan Vikas Aaghadi",
		"NO_CONTESTING_CANDIDATES": 1,
		"PENDING_CRIMINAL_CASES_PER_CANDIDATE": 3.0
	},
	{
		"PARTY": "Rajyadhikara Party",
		"NO_CONTESTING_CANDIDATES": 1,
		"PENDING_CRIMINAL_CASES_PER_CANDIDATE": 3.0
	},
	{
		"PARTY": "Mithilanchal Mukti Morcha",
		"NO_CONTESTING_CANDIDATES": 1,
		"PENDING_CRIMINAL_CASES_PER_CANDIDATE": 3.0
	},
	{
		"PARTY": "AIUDF",
		"NO_CONTESTING_CANDIDATES": 3,
		"PENDING_CRIMINAL_CASES_PER_CANDIDATE": 3.0
	},
	{
		"PARTY": "Akhil Bhartiya Ekata Party",
		"NO_CONTESTING_CANDIDATES": 1,
		"PENDING_CRIMINAL_CASES_PER_CANDIDATE": 3.0
	},
	{
		"PARTY": "Kerala Congress",
		"NO_CONTESTING_CANDIDATES": 1,
		"PENDING_CRIMINAL_CASES_PER_CANDIDATE": 3.0
	},
	{
		"PARTY": "Rashtriya Ahinsa Manch",
		"NO_CONTESTING_CANDIDATES": 1,
		"PENDING_CRIMINAL_CASES_PER_CANDIDATE": 3.0
	},
	{
		"PARTY": "Rashtriya Ambedkar Dal",
		"NO_CONTESTING_CANDIDATES": 1,
		"PENDING_CRIMINAL_CASES_PER_CANDIDATE": 3.0
	},
	{
		"PARTY": "Rashtriya Lok Sarvadhikar Party",
		"NO_CONTESTING_CANDIDATES": 1,
		"PENDING_CRIMINAL_CASES_PER_CANDIDATE": 3.0
	},
	{
		"PARTY": "Rashtriya Dal United",
		"NO_CONTESTING_CANDIDATES": 1,
		"PENDING_CRIMINAL_CASES_PER_CANDIDATE": 3.0
	},
	{
		"PARTY": "All India Jana Andolan Party",
		"NO_CONTESTING_CANDIDATES": 1,
		"PENDING_CRIMINAL_CASES_PER_CANDIDATE": 3.0
	},
	{
		"PARTY": "Kamatapur Peoples Party (United)",
		"NO_CONTESTING_CANDIDATES": 6,
		"PENDING_CRIMINAL_CASES_PER_CANDIDATE": 2.67
	},
	{
		"PARTY": "Lok Insaaf Party",
		"NO_CONTESTING_CANDIDATES": 3,
		"PENDING_CRIMINAL_CASES_PER_CANDIDATE": 2.67
	},
	{
		"PARTY": "Sabhi Jan Party",
		"NO_CONTESTING_CANDIDATES": 2,
		"PENDING_CRIMINAL_CASES_PER_CANDIDATE": 2.5
	},
	{
		"PARTY": "RJD",
		"NO_CONTESTING_CANDIDATES": 21,
		"PENDING_CRIMINAL_CASES_PER_CANDIDATE": 2.48
	},
	{
		"PARTY": "BJP",
		"NO_CONTESTING_CANDIDATES": 434,
		"PENDING_CRIMINAL_CASES_PER_CANDIDATE": 2.07
	},
	{
		"PARTY": "Shri Janta Party",
		"NO_CONTESTING_CANDIDATES": 1,
		"PENDING_CRIMINAL_CASES_PER_CANDIDATE": 2.0
	},
	{
		"PARTY": "Kisan Raksha Party",
		"NO_CONTESTING_CANDIDATES": 1,
		"PENDING_CRIMINAL_CASES_PER_CANDIDATE": 2.0
	},
	{
		"PARTY": "All India Ulama Congress",
		"NO_CONTESTING_CANDIDATES": 1,
		"PENDING_CRIMINAL_CASES_PER_CANDIDATE": 2.0
	},
	{
		"PARTY": "Republican Bahujan Sena",
		"NO_CONTESTING_CANDIDATES": 1,
		"PENDING_CRIMINAL_CASES_PER_CANDIDATE": 2.0
	},
	{
		"PARTY": "Rashtriya Praja Congress (Secular)",
		"NO_CONTESTING_CANDIDATES": 1,
		"PENDING_CRIMINAL_CASES_PER_CANDIDATE": 2.0
	},
	{
		"PARTY": "LJP",
		"NO_CONTESTING_CANDIDATES": 6,
		"PENDING_CRIMINAL_CASES_PER_CANDIDATE": 2.0
	},
	{
		"PARTY": "Ekta Samaj Party",
		"NO_CONTESTING_CANDIDATES": 1,
		"PENDING_CRIMINAL_CASES_PER_CANDIDATE": 2.0
	},
	{
		"PARTY": "Hindusthan Praja Paksha",
		"NO_CONTESTING_CANDIDATES": 1,
		"PENDING_CRIMINAL_CASES_PER_CANDIDATE": 2.0
	},
	{
		"PARTY": "Apna Kisan Party",
		"NO_CONTESTING_CANDIDATES": 1,
		"PENDING_CRIMINAL_CASES_PER_CANDIDATE": 2.0
	},
	{
		"PARTY": "Punjab Labour Party",
		"NO_CONTESTING_CANDIDATES": 1,
		"PENDING_CRIMINAL_CASES_PER_CANDIDATE": 2.0
	},
	{
		"PARTY": "Lokjagar Party",
		"NO_CONTESTING_CANDIDATES": 1,
		"PENDING_CRIMINAL_CASES_PER_CANDIDATE": 2.0
	},
	{
		"PARTY": "AJSU Party",
		"NO_CONTESTING_CANDIDATES": 1,
		"PENDING_CRIMINAL_CASES_PER_CANDIDATE": 2.0
	},
	{
		"PARTY": "New India Party",
		"NO_CONTESTING_CANDIDATES": 2,
		"PENDING_CRIMINAL_CASES_PER_CANDIDATE": 2.0
	},
	{
		"PARTY": "Bhartiya New Sanskar Krantikari Party",
		"NO_CONTESTING_CANDIDATES": 1,
		"PENDING_CRIMINAL_CASES_PER_CANDIDATE": 2.0
	},
	{
		"PARTY": "Apna Samaj Party",
		"NO_CONTESTING_CANDIDATES": 1,
		"PENDING_CRIMINAL_CASES_PER_CANDIDATE": 2.0
	},
	{
		"PARTY": "CPI(M)",
		"NO_CONTESTING_CANDIDATES": 69,
		"PENDING_CRIMINAL_CASES_PER_CANDIDATE": 1.96
	},
	{
		"PARTY": "TRS",
		"NO_CONTESTING_CANDIDATES": 17,
		"PENDING_CRIMINAL_CASES_PER_CANDIDATE": 1.88
	},
	{
		"PARTY": "SDPI",
		"NO_CONTESTING_CANDIDATES": 14,
		"PENDING_CRIMINAL_CASES_PER_CANDIDATE": 1.86
	},
	{
		"PARTY": "CPI(ML)(L)",
		"NO_CONTESTING_CANDIDATES": 22,
		"PENDING_CRIMINAL_CASES_PER_CANDIDATE": 1.82
	},
	{
		"PARTY": "NCP",
		"NO_CONTESTING_CANDIDATES": 34,
		"PENDING_CRIMINAL_CASES_PER_CANDIDATE": 1.79
	},
	{
		"PARTY": "INC",
		"NO_CONTESTING_CANDIDATES": 419,
		"PENDING_CRIMINAL_CASES_PER_CANDIDATE": 1.77
	},
	{
		"PARTY": "SP",
		"NO_CONTESTING_CANDIDATES": 49,
		"PENDING_CRIMINAL_CASES_PER_CANDIDATE": 1.65
	},
	{
		"PARTY": "YSRCP",
		"NO_CONTESTING_CANDIDATES": 25,
		"PENDING_CRIMINAL_CASES_PER_CANDIDATE": 1.64
	},
	{
		"PARTY": "Republican Party of India (Karnataka)",
		"NO_CONTESTING_CANDIDATES": 4,
		"PENDING_CRIMINAL_CASES_PER_CANDIDATE": 1.5
	},
	{
		"PARTY": "Bharatiya Minorities Suraksha Mahasangh",
		"NO_CONTESTING_CANDIDATES": 2,
		"PENDING_CRIMINAL_CASES_PER_CANDIDATE": 1.5
	},
	{
		"PARTY": "Rashtriya Azad Manch",
		"NO_CONTESTING_CANDIDATES": 2,
		"PENDING_CRIMINAL_CASES_PER_CANDIDATE": 1.5
	},
	{
		"PARTY": "JD(U)",
		"NO_CONTESTING_CANDIDATES": 24,
		"PENDING_CRIMINAL_CASES_PER_CANDIDATE": 1.46
	},
	{
		"PARTY": "CPI(ML) Red Star",
		"NO_CONTESTING_CANDIDATES": 29,
		"PENDING_CRIMINAL_CASES_PER_CANDIDATE": 1.41
	},
	{
		"PARTY": "Bharath Dharma Jana Sena",
		"NO_CONTESTING_CANDIDATES": 3,
		"PENDING_CRIMINAL_CASES_PER_CANDIDATE": 1.33
	},
	{
		"PARTY": "Viduthalai Chiruthaigal Katchi",
		"NO_CONTESTING_CANDIDATES": 6,
		"PENDING_CRIMINAL_CASES_PER_CANDIDATE": 1.33
	},
	{
		"PARTY": "Minorities Democratic Party",
		"NO_CONTESTING_CANDIDATES": 3,
		"PENDING_CRIMINAL_CASES_PER_CANDIDATE": 1.33
	},
	{
		"PARTY": "Vikassheel Insaan Party",
		"NO_CONTESTING_CANDIDATES": 3,
		"PENDING_CRIMINAL_CASES_PER_CANDIDATE": 1.33
	},
	{
		"PARTY": "Kisan Mazdoor Sangharsh Party",
		"NO_CONTESTING_CANDIDATES": 4,
		"PENDING_CRIMINAL_CASES_PER_CANDIDATE": 1.25
	},
	{
		"PARTY": "DMK",
		"NO_CONTESTING_CANDIDATES": 24,
		"PENDING_CRIMINAL_CASES_PER_CANDIDATE": 1.25
	},
	{
		"PARTY": "Bhartiya Jan Nayak Party",
		"NO_CONTESTING_CANDIDATES": 4,
		"PENDING_CRIMINAL_CASES_PER_CANDIDATE": 1.25
	},
	{
		"PARTY": "SHS",
		"NO_CONTESTING_CANDIDATES": 97,
		"PENDING_CRIMINAL_CASES_PER_CANDIDATE": 1.08
	},
	{
		"PARTY": "Manipur Peoples Party",
		"NO_CONTESTING_CANDIDATES": 1,
		"PENDING_CRIMINAL_CASES_PER_CANDIDATE": 1.0
	},
	{
		"PARTY": "Samaj Bhalai Morcha",
		"NO_CONTESTING_CANDIDATES": 1,
		"PENDING_CRIMINAL_CASES_PER_CANDIDATE": 1.0
	},
	{
		"PARTY": "Sadan Vikas Party",
		"NO_CONTESTING_CANDIDATES": 1,
		"PENDING_CRIMINAL_CASES_PER_CANDIDATE": 1.0
	},
	{
		"PARTY": "CPI",
		"NO_CONTESTING_CANDIDATES": 48,
		"PENDING_CRIMINAL_CASES_PER_CANDIDATE": 1.0
	},
	{
		"PARTY": "SAD",
		"NO_CONTESTING_CANDIDATES": 10,
		"PENDING_CRIMINAL_CASES_PER_CANDIDATE": 1.0
	},
	{
		"PARTY": "Bhartiya Kranti Vir Party",
		"NO_CONTESTING_CANDIDATES": 1,
		"PENDING_CRIMINAL_CASES_PER_CANDIDATE": 1.0
	},
	{
		"PARTY": "Chandigarh Ki Aawaz Party",
		"NO_CONTESTING_CANDIDATES": 1,
		"PENDING_CRIMINAL_CASES_PER_CANDIDATE": 1.0
	},
	{
		"PARTY": "Rajnaitik Vikalp Party",
		"NO_CONTESTING_CANDIDATES": 1,
		"PENDING_CRIMINAL_CASES_PER_CANDIDATE": 1.0
	},
	{
		"PARTY": "Khusro Sena Party",
		"NO_CONTESTING_CANDIDATES": 1,
		"PENDING_CRIMINAL_CASES_PER_CANDIDATE": 1.0
	},
	{
		"PARTY": "Rashtrawadi Party of India,",
		"NO_CONTESTING_CANDIDATES": 1,
		"PENDING_CRIMINAL_CASES_PER_CANDIDATE": 1.0
	},
	{
		"PARTY": "Kartavya Rashtriya Party",
		"NO_CONTESTING_CANDIDATES": 1,
		"PENDING_CRIMINAL_CASES_PER_CANDIDATE": 1.0
	},
	{
		"PARTY": "Rashtriya Jansangharsh Swaraj Party",
		"NO_CONTESTING_CANDIDATES": 2,
		"PENDING_CRIMINAL_CASES_PER_CANDIDATE": 1.0
	},
	{
		"PARTY": "Navbharat Ekta Dal",
		"NO_CONTESTING_CANDIDATES": 1,
		"PENDING_CRIMINAL_CASES_PER_CANDIDATE": 1.0
	},
	{
		"PARTY": "Hind Samrajya Party",
		"NO_CONTESTING_CANDIDATES": 1,
		"PENDING_CRIMINAL_CASES_PER_CANDIDATE": 1.0
	},
	{
		"PARTY": "Ahinsa Samaj Party",
		"NO_CONTESTING_CANDIDATES": 1,
		"PENDING_CRIMINAL_CASES_PER_CANDIDATE": 1.0
	},
	{
		"PARTY": "All India Hindustan Congress Party",
		"NO_CONTESTING_CANDIDATES": 4,
		"PENDING_CRIMINAL_CASES_PER_CANDIDATE": 1.0
	},
	{
		"PARTY": "National Youth Party",
		"NO_CONTESTING_CANDIDATES": 2,
		"PENDING_CRIMINAL_CASES_PER_CANDIDATE": 1.0
	},
	{
		"PARTY": "Vyavastha Parivartan Party",
		"NO_CONTESTING_CANDIDATES": 4,
		"PENDING_CRIMINAL_CASES_PER_CANDIDATE": 1.0
	},
	{
		"PARTY": "Akhil Bharatiya Sena",
		"NO_CONTESTING_CANDIDATES": 1,
		"PENDING_CRIMINAL_CASES_PER_CANDIDATE": 1.0
	},
	{
		"PARTY": "Telangana Prajala Party",
		"NO_CONTESTING_CANDIDATES": 1,
		"PENDING_CRIMINAL_CASES_PER_CANDIDATE": 1.0
	},
	{
		"PARTY": "Telangana Jana Samithi",
		"NO_CONTESTING_CANDIDATES": 1,
		"PENDING_CRIMINAL_CASES_PER_CANDIDATE": 1.0
	},
	{
		"PARTY": "Hindustani Awam Morcha (Secular)",
		"NO_CONTESTING_CANDIDATES": 3,
		"PENDING_CRIMINAL_CASES_PER_CANDIDATE": 1.0
	},
	{
		"PARTY": "Praja Satta Party",
		"NO_CONTESTING_CANDIDATES": 2,
		"PENDING_CRIMINAL_CASES_PER_CANDIDATE": 1.0
	},
	{
		"PARTY": "UKD",
		"NO_CONTESTING_CANDIDATES": 4,
		"PENDING_CRIMINAL_CASES_PER_CANDIDATE": 1.0
	},
	{
		"PARTY": "Rashtriya Jantantrik Bharat Vikas Party",
		"NO_CONTESTING_CANDIDATES": 1,
		"PENDING_CRIMINAL_CASES_PER_CANDIDATE": 1.0
	},
	{
		"PARTY": "Rashtriya Bharatiya Jan Jan Party",
		"NO_CONTESTING_CANDIDATES": 3,
		"PENDING_CRIMINAL_CASES_PER_CANDIDATE": 1.0
	},
	{
		"PARTY": "Indian Gandhiyan Party",
		"NO_CONTESTING_CANDIDATES": 2,
		"PENDING_CRIMINAL_CASES_PER_CANDIDATE": 1.0
	},
	{
		"PARTY": "Apna Dal (Soneylal)",
		"NO_CONTESTING_CANDIDATES": 2,
		"PENDING_CRIMINAL_CASES_PER_CANDIDATE": 1.0
	},
	{
		"PARTY": "Gorkha Rashtriya Congress",
		"NO_CONTESTING_CANDIDATES": 1,
		"PENDING_CRIMINAL_CASES_PER_CANDIDATE": 1.0
	},
	{
		"PARTY": "Jharkhand Party (Naren)",
		"NO_CONTESTING_CANDIDATES": 2,
		"PENDING_CRIMINAL_CASES_PER_CANDIDATE": 1.0
	},
	{
		"PARTY": "Vanchit Bahujan Aaghadi",
		"NO_CONTESTING_CANDIDATES": 46,
		"PENDING_CRIMINAL_CASES_PER_CANDIDATE": 0.93
	},
	{
		"PARTY": "Samagra Utthan Party",
		"NO_CONTESTING_CANDIDATES": 7,
		"PENDING_CRIMINAL_CASES_PER_CANDIDATE": 0.86
	},
	{
		"PARTY": "AITC",
		"NO_CONTESTING_CANDIDATES": 62,
		"PENDING_CRIMINAL_CASES_PER_CANDIDATE": 0.84
	},
	{
		"PARTY": "Revolutionary Socialist Party",
		"NO_CONTESTING_CANDIDATES": 6,
		"PENDING_CRIMINAL_CASES_PER_CANDIDATE": 0.83
	},
	{
		"PARTY": "Marxist Communist Party of India (United)",
		"NO_CONTESTING_CANDIDATES": 6,
		"PENDING_CRIMINAL_CASES_PER_CANDIDATE": 0.83
	},
	{
		"PARTY": "Bhartiya Bahujan Kranti Dal",
		"NO_CONTESTING_CANDIDATES": 5,
		"PENDING_CRIMINAL_CASES_PER_CANDIDATE": 0.8
	},
	{
		"PARTY": "Peace Party",
		"NO_CONTESTING_CANDIDATES": 13,
		"PENDING_CRIMINAL_CASES_PER_CANDIDATE": 0.77
	},
	{
		"PARTY": "Vanchit Samaj Party",
		"NO_CONTESTING_CANDIDATES": 4,
		"PENDING_CRIMINAL_CASES_PER_CANDIDATE": 0.75
	},
	{
		"PARTY": "Bhartiya Manavadhikaar Federal Party",
		"NO_CONTESTING_CANDIDATES": 8,
		"PENDING_CRIMINAL_CASES_PER_CANDIDATE": 0.75
	},
	{
		"PARTY": "INLD",
		"NO_CONTESTING_CANDIDATES": 10,
		"PENDING_CRIMINAL_CASES_PER_CANDIDATE": 0.7
	},
	{
		"PARTY": "Bhartiya Tribal Party",
		"NO_CONTESTING_CANDIDATES": 19,
		"PENDING_CRIMINAL_CASES_PER_CANDIDATE": 0.68
	},
	{
		"PARTY": "RLD",
		"NO_CONTESTING_CANDIDATES": 3,
		"PENDING_CRIMINAL_CASES_PER_CANDIDATE": 0.67
	},
	{
		"PARTY": "Garvi Gujarat Party",
		"NO_CONTESTING_CANDIDATES": 3,
		"PENDING_CRIMINAL_CASES_PER_CANDIDATE": 0.67
	},
	{
		"PARTY": "Dalit Soshit Pichhara Varg Adhikar Dal",
		"NO_CONTESTING_CANDIDATES": 3,
		"PENDING_CRIMINAL_CASES_PER_CANDIDATE": 0.67
	},
	{
		"PARTY": "Kalinga Sena",
		"NO_CONTESTING_CANDIDATES": 5,
		"PENDING_CRIMINAL_CASES_PER_CANDIDATE": 0.6
	},
	{
		"PARTY": "Bhartiya Lok Seva Dal",
		"NO_CONTESTING_CANDIDATES": 10,
		"PENDING_CRIMINAL_CASES_PER_CANDIDATE": 0.6
	},
	{
		"PARTY": "Rashtriya Samta Party (Secular)",
		"NO_CONTESTING_CANDIDATES": 5,
		"PENDING_CRIMINAL_CASES_PER_CANDIDATE": 0.6
	},
	{
		"PARTY": "BSP",
		"NO_CONTESTING_CANDIDATES": 381,
		"PENDING_CRIMINAL_CASES_PER_CANDIDATE": 0.59
	},
	{
		"PARTY": "Jannayak Janta Party",
		"NO_CONTESTING_CANDIDATES": 7,
		"PENDING_CRIMINAL_CASES_PER_CANDIDATE": 0.57
	},
	{
		"PARTY": "Hindustan Shakti Sena",
		"NO_CONTESTING_CANDIDATES": 9,
		"PENDING_CRIMINAL_CASES_PER_CANDIDATE": 0.56
	},
	{
		"PARTY": "Pragatishil Samajwadi Party (Lohia)",
		"NO_CONTESTING_CANDIDATES": 80,
		"PENDING_CRIMINAL_CASES_PER_CANDIDATE": 0.55
	},
	{
		"PARTY": "AIADMK",
		"NO_CONTESTING_CANDIDATES": 22,
		"PENDING_CRIMINAL_CASES_PER_CANDIDATE": 0.55
	},
	{
		"PARTY": "Jai Prakash Janata Dal",
		"NO_CONTESTING_CANDIDATES": 11,
		"PENDING_CRIMINAL_CASES_PER_CANDIDATE": 0.55
	},
	{
		"PARTY": "JMM",
		"NO_CONTESTING_CANDIDATES": 13,
		"PENDING_CRIMINAL_CASES_PER_CANDIDATE": 0.54
	},
	{
		"PARTY": "Praja Shanthi Party",
		"NO_CONTESTING_CANDIDATES": 4,
		"PENDING_CRIMINAL_CASES_PER_CANDIDATE": 0.5
	},
	{
		"PARTY": "Nagrik Ekta Party",
		"NO_CONTESTING_CANDIDATES": 4,
		"PENDING_CRIMINAL_CASES_PER_CANDIDATE": 0.5
	},
	{
		"PARTY": "Kisan Party of India",
		"NO_CONTESTING_CANDIDATES": 2,
		"PENDING_CRIMINAL_CASES_PER_CANDIDATE": 0.5
	},
	{
		"PARTY": "Rashtriya Sarvjan Vikas Party",
		"NO_CONTESTING_CANDIDATES": 2,
		"PENDING_CRIMINAL_CASES_PER_CANDIDATE": 0.5
	},
	{
		"PARTY": "Sankhyanupati Bhagidari Party",
		"NO_CONTESTING_CANDIDATES": 2,
		"PENDING_CRIMINAL_CASES_PER_CANDIDATE": 0.5
	},
	{
		"PARTY": "Rashtriya Garib Dal",
		"NO_CONTESTING_CANDIDATES": 2,
		"PENDING_CRIMINAL_CASES_PER_CANDIDATE": 0.5
	},
	{
		"PARTY": "Bahujan Azad Party",
		"NO_CONTESTING_CANDIDATES": 2,
		"PENDING_CRIMINAL_CASES_PER_CANDIDATE": 0.5
	},
	{
		"PARTY": "Aajad Bharat Party (Democratic)",
		"NO_CONTESTING_CANDIDATES": 6,
		"PENDING_CRIMINAL_CASES_PER_CANDIDATE": 0.5
	},
	{
		"PARTY": "Aadarsh Mithila Party",
		"NO_CONTESTING_CANDIDATES": 2,
		"PENDING_CRIMINAL_CASES_PER_CANDIDATE": 0.5
	},
	{
		"PARTY": "Bhartiya Amrit Party",
		"NO_CONTESTING_CANDIDATES": 2,
		"PENDING_CRIMINAL_CASES_PER_CANDIDATE": 0.5
	},
	{
		"PARTY": "Jammu & Kashmir Peoples Democratic Party",
		"NO_CONTESTING_CANDIDATES": 2,
		"PENDING_CRIMINAL_CASES_PER_CANDIDATE": 0.5
	},
	{
		"PARTY": "Agila India Makkal Kazhagam",
		"NO_CONTESTING_CANDIDATES": 4,
		"PENDING_CRIMINAL_CASES_PER_CANDIDATE": 0.5
	},
	{
		"PARTY": "Hind Congress Party",
		"NO_CONTESTING_CANDIDATES": 2,
		"PENDING_CRIMINAL_CASES_PER_CANDIDATE": 0.5
	},
	{
		"PARTY": "Voters Party",
		"NO_CONTESTING_CANDIDATES": 2,
		"PENDING_CRIMINAL_CASES_PER_CANDIDATE": 0.5
	},
	{
		"PARTY": "Indian Christian Front",
		"NO_CONTESTING_CANDIDATES": 4,
		"PENDING_CRIMINAL_CASES_PER_CANDIDATE": 0.5
	},
	{
		"PARTY": "Janvadi Party(Socialist)",
		"NO_CONTESTING_CANDIDATES": 2,
		"PENDING_CRIMINAL_CASES_PER_CANDIDATE": 0.5
	},
	{
		"PARTY": "Sabse Achchhi Party",
		"NO_CONTESTING_CANDIDATES": 2,
		"PENDING_CRIMINAL_CASES_PER_CANDIDATE": 0.5
	},
	{
		"PARTY": "AARAKSHAN VIRODHI PARTY",
		"NO_CONTESTING_CANDIDATES": 4,
		"PENDING_CRIMINAL_CASES_PER_CANDIDATE": 0.5
	},
	{
		"PARTY": "Bahujan Nyay Dal",
		"NO_CONTESTING_CANDIDATES": 4,
		"PENDING_CRIMINAL_CASES_PER_CANDIDATE": 0.5
	},
	{
		"PARTY": "Akhil Bharatiya Manavata Paksha",
		"NO_CONTESTING_CANDIDATES": 2,
		"PENDING_CRIMINAL_CASES_PER_CANDIDATE": 0.5
	},
	{
		"PARTY": "Akhil Bharatiya Muslim League (Secular)",
		"NO_CONTESTING_CANDIDATES": 2,
		"PENDING_CRIMINAL_CASES_PER_CANDIDATE": 0.5
	},
	{
		"PARTY": "Indian New Congress Party",
		"NO_CONTESTING_CANDIDATES": 4,
		"PENDING_CRIMINAL_CASES_PER_CANDIDATE": 0.5
	},
	{
		"PARTY": "Mulnibasi Party of India",
		"NO_CONTESTING_CANDIDATES": 2,
		"PENDING_CRIMINAL_CASES_PER_CANDIDATE": 0.5
	},
	{
		"PARTY": "Ambedkar Samaj Party",
		"NO_CONTESTING_CANDIDATES": 8,
		"PENDING_CRIMINAL_CASES_PER_CANDIDATE": 0.5
	},
	{
		"PARTY": "Rashtriya Hind Sena",
		"NO_CONTESTING_CANDIDATES": 6,
		"PENDING_CRIMINAL_CASES_PER_CANDIDATE": 0.5
	},
	{
		"PARTY": "Indian National League",
		"NO_CONTESTING_CANDIDATES": 2,
		"PENDING_CRIMINAL_CASES_PER_CANDIDATE": 0.5
	},
	{
		"PARTY": "Akhil Hind Forward Bloc (Krantikari)",
		"NO_CONTESTING_CANDIDATES": 2,
		"PENDING_CRIMINAL_CASES_PER_CANDIDATE": 0.5
	},
	{
		"PARTY": "Hamari Apni Party",
		"NO_CONTESTING_CANDIDATES": 2,
		"PENDING_CRIMINAL_CASES_PER_CANDIDATE": 0.5
	},
	{
		"PARTY": "AAP",
		"NO_CONTESTING_CANDIDATES": 35,
		"PENDING_CRIMINAL_CASES_PER_CANDIDATE": 0.49
	},
	{
		"PARTY": "IUML",
		"NO_CONTESTING_CANDIDATES": 9,
		"PENDING_CRIMINAL_CASES_PER_CANDIDATE": 0.44
	},
	{
		"PARTY": "Bharatiya Nyay-Adhikar Raksha Party",
		"NO_CONTESTING_CANDIDATES": 7,
		"PENDING_CRIMINAL_CASES_PER_CANDIDATE": 0.43
	},
	{
		"PARTY": "Naam Tamilar Katchi",
		"NO_CONTESTING_CANDIDATES": 35,
		"PENDING_CRIMINAL_CASES_PER_CANDIDATE": 0.43
	},
	{
		"PARTY": "Kranti Kari Jai Hind Sena",
		"NO_CONTESTING_CANDIDATES": 5,
		"PENDING_CRIMINAL_CASES_PER_CANDIDATE": 0.4
	},
	{
		"PARTY": "Rashtriya Kranti Party",
		"NO_CONTESTING_CANDIDATES": 5,
		"PENDING_CRIMINAL_CASES_PER_CANDIDATE": 0.4
	},
	{
		"PARTY": "Lok Dal",
		"NO_CONTESTING_CANDIDATES": 5,
		"PENDING_CRIMINAL_CASES_PER_CANDIDATE": 0.4
	},
	{
		"PARTY": "Akhil Bhartiya Gondwana Party",
		"NO_CONTESTING_CANDIDATES": 5,
		"PENDING_CRIMINAL_CASES_PER_CANDIDATE": 0.4
	},
	{
		"PARTY": "Hindusthan Nirman Dal",
		"NO_CONTESTING_CANDIDATES": 46,
		"PENDING_CRIMINAL_CASES_PER_CANDIDATE": 0.39
	},
	{
		"PARTY": "Bihar Lok Nirman Dal",
		"NO_CONTESTING_CANDIDATES": 8,
		"PENDING_CRIMINAL_CASES_PER_CANDIDATE": 0.38
	},
	{
		"PARTY": "Jammu & Kashmir National Panthers Party",
		"NO_CONTESTING_CANDIDATES": 8,
		"PENDING_CRIMINAL_CASES_PER_CANDIDATE": 0.38
	},
	{
		"PARTY": "Bahujan Republican Socialist Party",
		"NO_CONTESTING_CANDIDATES": 27,
		"PENDING_CRIMINAL_CASES_PER_CANDIDATE": 0.37
	},
	{
		"PARTY": "Voters Party International",
		"NO_CONTESTING_CANDIDATES": 20,
		"PENDING_CRIMINAL_CASES_PER_CANDIDATE": 0.35
	},
	{
		"PARTY": "Bharat Bhoomi Party",
		"NO_CONTESTING_CANDIDATES": 3,
		"PENDING_CRIMINAL_CASES_PER_CANDIDATE": 0.33
	},
	{
		"PARTY": "Moolniwasi Samaj Party",
		"NO_CONTESTING_CANDIDATES": 3,
		"PENDING_CRIMINAL_CASES_PER_CANDIDATE": 0.33
	},
	{
		"PARTY": "Vishva SHakti Party",
		"NO_CONTESTING_CANDIDATES": 3,
		"PENDING_CRIMINAL_CASES_PER_CANDIDATE": 0.33
	},
	{
		"PARTY": "Jago Hindustan Party",
		"NO_CONTESTING_CANDIDATES": 3,
		"PENDING_CRIMINAL_CASES_PER_CANDIDATE": 0.33
	},
	{
		"PARTY": "Jai Maha Bharath Party",
		"NO_CONTESTING_CANDIDATES": 3,
		"PENDING_CRIMINAL_CASES_PER_CANDIDATE": 0.33
	},
	{
		"PARTY": "Democratic Party of India (Ambedkar)",
		"NO_CONTESTING_CANDIDATES": 3,
		"PENDING_CRIMINAL_CASES_PER_CANDIDATE": 0.33
	},
	{
		"PARTY": "Rashtriya Samrasta Party",
		"NO_CONTESTING_CANDIDATES": 3,
		"PENDING_CRIMINAL_CASES_PER_CANDIDATE": 0.33
	},
	{
		"PARTY": "Social Justice Party of India",
		"NO_CONTESTING_CANDIDATES": 3,
		"PENDING_CRIMINAL_CASES_PER_CANDIDATE": 0.33
	},
	{
		"PARTY": "Swabhiman Party",
		"NO_CONTESTING_CANDIDATES": 3,
		"PENDING_CRIMINAL_CASES_PER_CANDIDATE": 0.33
	},
	{
		"PARTY": "Socialist Party (India)",
		"NO_CONTESTING_CANDIDATES": 3,
		"PENDING_CRIMINAL_CASES_PER_CANDIDATE": 0.33
	},
	{
		"PARTY": "JD(S)",
		"NO_CONTESTING_CANDIDATES": 9,
		"PENDING_CRIMINAL_CASES_PER_CANDIDATE": 0.33
	},
	{
		"PARTY": "Bhartiya Dalit Party",
		"NO_CONTESTING_CANDIDATES": 3,
		"PENDING_CRIMINAL_CASES_PER_CANDIDATE": 0.33
	},
	{
		"PARTY": "Bhartiya Mitra Party",
		"NO_CONTESTING_CANDIDATES": 3,
		"PENDING_CRIMINAL_CASES_PER_CANDIDATE": 0.33
	},
	{
		"PARTY": "Punjab Ekta Party",
		"NO_CONTESTING_CANDIDATES": 3,
		"PENDING_CRIMINAL_CASES_PER_CANDIDATE": 0.33
	},
	{
		"PARTY": "Rashtriya Sahara Party",
		"NO_CONTESTING_CANDIDATES": 3,
		"PENDING_CRIMINAL_CASES_PER_CANDIDATE": 0.33
	},
	{
		"PARTY": "Jammu & Kashmir National Conference",
		"NO_CONTESTING_CANDIDATES": 3,
		"PENDING_CRIMINAL_CASES_PER_CANDIDATE": 0.33
	},
	{
		"PARTY": "Asom Gana Parishad",
		"NO_CONTESTING_CANDIDATES": 3,
		"PENDING_CRIMINAL_CASES_PER_CANDIDATE": 0.33
	},
	{
		"PARTY": "Freethought Party of India",
		"NO_CONTESTING_CANDIDATES": 3,
		"PENDING_CRIMINAL_CASES_PER_CANDIDATE": 0.33
	},
	{
		"PARTY": "VANCHITSAMAJ INSAAF PARTY",
		"NO_CONTESTING_CANDIDATES": 3,
		"PENDING_CRIMINAL_CASES_PER_CANDIDATE": 0.33
	},
	{
		"PARTY": "Baliraja Party",
		"NO_CONTESTING_CANDIDATES": 7,
		"PENDING_CRIMINAL_CASES_PER_CANDIDATE": 0.29
	},
	{
		"PARTY": "Jana Jagruti Party",
		"NO_CONTESTING_CANDIDATES": 7,
		"PENDING_CRIMINAL_CASES_PER_CANDIDATE": 0.29
	},
	{
		"PARTY": "AIFB",
		"NO_CONTESTING_CANDIDATES": 34,
		"PENDING_CRIMINAL_CASES_PER_CANDIDATE": 0.29
	},
	{
		"PARTY": "Bhartiya Lokmat Rashtrwadi Party",
		"NO_CONTESTING_CANDIDATES": 7,
		"PENDING_CRIMINAL_CASES_PER_CANDIDATE": 0.29
	},
	{
		"PARTY": "IND",
		"NO_CONTESTING_CANDIDATES": 3370,
		"PENDING_CRIMINAL_CASES_PER_CANDIDATE": 0.28
	},
	{
		"PARTY": "TDP",
		"NO_CONTESTING_CANDIDATES": 25,
		"PENDING_CRIMINAL_CASES_PER_CANDIDATE": 0.28
	},
	{
		"PARTY": "Janasena Party",
		"NO_CONTESTING_CANDIDATES": 23,
		"PENDING_CRIMINAL_CASES_PER_CANDIDATE": 0.26
	},
	{
		"PARTY": "Janata Party",
		"NO_CONTESTING_CANDIDATES": 4,
		"PENDING_CRIMINAL_CASES_PER_CANDIDATE": 0.25
	},
	{
		"PARTY": "Aihra National Party",
		"NO_CONTESTING_CANDIDATES": 8,
		"PENDING_CRIMINAL_CASES_PER_CANDIDATE": 0.25
	},
	{
		"PARTY": "Rashtravadi Janata Party",
		"NO_CONTESTING_CANDIDATES": 4,
		"PENDING_CRIMINAL_CASES_PER_CANDIDATE": 0.25
	},
	{
		"PARTY": "Bharat Lok Sewak Party",
		"NO_CONTESTING_CANDIDATES": 4,
		"PENDING_CRIMINAL_CASES_PER_CANDIDATE": 0.25
	},
	{
		"PARTY": "Rashtriya Samaj Paksha",
		"NO_CONTESTING_CANDIDATES": 12,
		"PENDING_CRIMINAL_CASES_PER_CANDIDATE": 0.25
	},
	{
		"PARTY": "Rashtriya Ulama Council",
		"NO_CONTESTING_CANDIDATES": 8,
		"PENDING_CRIMINAL_CASES_PER_CANDIDATE": 0.25
	},
	{
		"PARTY": "Jai Jawan Jai Kisan Party",
		"NO_CONTESTING_CANDIDATES": 4,
		"PENDING_CRIMINAL_CASES_PER_CANDIDATE": 0.25
	},
	{
		"PARTY": "Jharkhand Party",
		"NO_CONTESTING_CANDIDATES": 4,
		"PENDING_CRIMINAL_CASES_PER_CANDIDATE": 0.25
	},
	{
		"PARTY": "Jharkhand Peoples Party",
		"NO_CONTESTING_CANDIDATES": 4,
		"PENDING_CRIMINAL_CASES_PER_CANDIDATE": 0.25
	},
	{
		"PARTY": "Uttarakhand Kranti Dal (Democratic)",
		"NO_CONTESTING_CANDIDATES": 4,
		"PENDING_CRIMINAL_CASES_PER_CANDIDATE": 0.25
	},
	{
		"PARTY": "Akhand Rashtrawadi Party",
		"NO_CONTESTING_CANDIDATES": 4,
		"PENDING_CRIMINAL_CASES_PER_CANDIDATE": 0.25
	},
	{
		"PARTY": "Swatantra Jantaraj Party",
		"NO_CONTESTING_CANDIDATES": 9,
		"PENDING_CRIMINAL_CASES_PER_CANDIDATE": 0.22
	},
	{
		"PARTY": "Bahujan Maha Party",
		"NO_CONTESTING_CANDIDATES": 18,
		"PENDING_CRIMINAL_CASES_PER_CANDIDATE": 0.22
	},
	{
		"PARTY": "Desiya Makkal Sakthi Katchi",
		"NO_CONTESTING_CANDIDATES": 9,
		"PENDING_CRIMINAL_CASES_PER_CANDIDATE": 0.22
	},
	{
		"PARTY": "Jan Adhikar Party",
		"NO_CONTESTING_CANDIDATES": 19,
		"PENDING_CRIMINAL_CASES_PER_CANDIDATE": 0.21
	},
	{
		"PARTY": "SUCI(C)",
		"NO_CONTESTING_CANDIDATES": 113,
		"PENDING_CRIMINAL_CASES_PER_CANDIDATE": 0.21
	},
	{
		"PARTY": "Akhil Bhartiya Apna Dal",
		"NO_CONTESTING_CANDIDATES": 5,
		"PENDING_CRIMINAL_CASES_PER_CANDIDATE": 0.2
	},
	{
		"PARTY": "Aam Adhikar Morcha",
		"NO_CONTESTING_CANDIDATES": 5,
		"PENDING_CRIMINAL_CASES_PER_CANDIDATE": 0.2
	},
	{
		"PARTY": "Navarang Congress Party",
		"NO_CONTESTING_CANDIDATES": 5,
		"PENDING_CRIMINAL_CASES_PER_CANDIDATE": 0.2
	},
	{
		"PARTY": "Tamil Nadu Ilangyar Katchi",
		"NO_CONTESTING_CANDIDATES": 16,
		"PENDING_CRIMINAL_CASES_PER_CANDIDATE": 0.19
	},
	{
		"PARTY": "NPP",
		"NO_CONTESTING_CANDIDATES": 11,
		"PENDING_CRIMINAL_CASES_PER_CANDIDATE": 0.18
	},
	{
		"PARTY": "Aapki Apni Party (Peoples)",
		"NO_CONTESTING_CANDIDATES": 22,
		"PENDING_CRIMINAL_CASES_PER_CANDIDATE": 0.18
	},
	{
		"PARTY": "Akhil Bharat Hindu Mahasabha",
		"NO_CONTESTING_CANDIDATES": 6,
		"PENDING_CRIMINAL_CASES_PER_CANDIDATE": 0.17
	},
	{
		"PARTY": "Suheldev Bhartiya Samaj Party",
		"NO_CONTESTING_CANDIDATES": 24,
		"PENDING_CRIMINAL_CASES_PER_CANDIDATE": 0.17
	},
	{
		"PARTY": "Rashtriya Janadhikar Suraksha Party",
		"NO_CONTESTING_CANDIDATES": 6,
		"PENDING_CRIMINAL_CASES_PER_CANDIDATE": 0.17
	},
	{
		"PARTY": "RPI(A)",
		"NO_CONTESTING_CANDIDATES": 31,
		"PENDING_CRIMINAL_CASES_PER_CANDIDATE": 0.16
	},
	{
		"PARTY": "Bahujan Mukti Party",
		"NO_CONTESTING_CANDIDATES": 119,
		"PENDING_CRIMINAL_CASES_PER_CANDIDATE": 0.16
	},
	{
		"PARTY": "Rashtriya Jansambhavna Party",
		"NO_CONTESTING_CANDIDATES": 13,
		"PENDING_CRIMINAL_CASES_PER_CANDIDATE": 0.15
	},
	{
		"PARTY": "Sanatan Sanskriti Raksha Dal",
		"NO_CONTESTING_CANDIDATES": 7,
		"PENDING_CRIMINAL_CASES_PER_CANDIDATE": 0.14
	},
	{
		"PARTY": "Bharatiya Jan Kranti Dal (Democratic)",
		"NO_CONTESTING_CANDIDATES": 7,
		"PENDING_CRIMINAL_CASES_PER_CANDIDATE": 0.14
	},
	{
		"PARTY": "Rashtriya Jansabha Party",
		"NO_CONTESTING_CANDIDATES": 7,
		"PENDING_CRIMINAL_CASES_PER_CANDIDATE": 0.14
	},
	{
		"PARTY": "Satya Bahumat Party",
		"NO_CONTESTING_CANDIDATES": 7,
		"PENDING_CRIMINAL_CASES_PER_CANDIDATE": 0.14
	},
	{
		"PARTY": "Bajjikanchal Vikas Party",
		"NO_CONTESTING_CANDIDATES": 7,
		"PENDING_CRIMINAL_CASES_PER_CANDIDATE": 0.14
	},
	{
		"PARTY": "Shoshit Samaj Dal",
		"NO_CONTESTING_CANDIDATES": 7,
		"PENDING_CRIMINAL_CASES_PER_CANDIDATE": 0.14
	},
	{
		"PARTY": "Proutist Sarva Samaj",
		"NO_CONTESTING_CANDIDATES": 7,
		"PENDING_CRIMINAL_CASES_PER_CANDIDATE": 0.14
	},
	{
		"PARTY": "Makkal Needhi Maiam",
		"NO_CONTESTING_CANDIDATES": 37,
		"PENDING_CRIMINAL_CASES_PER_CANDIDATE": 0.14
	},
	{
		"PARTY": "Sarvodaya Bharat Party",
		"NO_CONTESTING_CANDIDATES": 7,
		"PENDING_CRIMINAL_CASES_PER_CANDIDATE": 0.14
	},
	{
		"PARTY": "Proutist Bloc, India",
		"NO_CONTESTING_CANDIDATES": 8,
		"PENDING_CRIMINAL_CASES_PER_CANDIDATE": 0.12
	},
	{
		"PARTY": "Bharatiya Momin Front",
		"NO_CONTESTING_CANDIDATES": 8,
		"PENDING_CRIMINAL_CASES_PER_CANDIDATE": 0.12
	},
	{
		"PARTY": "RPI",
		"NO_CONTESTING_CANDIDATES": 8,
		"PENDING_CRIMINAL_CASES_PER_CANDIDATE": 0.12
	},
	{
		"PARTY": "Ambedkar National Congress",
		"NO_CONTESTING_CANDIDATES": 21,
		"PENDING_CRIMINAL_CASES_PER_CANDIDATE": 0.1
	},
	{
		"PARTY": "Bharat Prabhat Party",
		"NO_CONTESTING_CANDIDATES": 53,
		"PENDING_CRIMINAL_CASES_PER_CANDIDATE": 0.09
	},
	{
		"PARTY": "India Praja Bandhu Party",
		"NO_CONTESTING_CANDIDATES": 11,
		"PENDING_CRIMINAL_CASES_PER_CANDIDATE": 0.09
	},
	{
		"PARTY": "Uttama Prajaakeeya Party",
		"NO_CONTESTING_CANDIDATES": 26,
		"PENDING_CRIMINAL_CASES_PER_CANDIDATE": 0.08
	},
	{
		"PARTY": "Ambedkarite Party of India",
		"NO_CONTESTING_CANDIDATES": 76,
		"PENDING_CRIMINAL_CASES_PER_CANDIDATE": 0.08
	},
	{
		"PARTY": "Bhartiya Kisan Party",
		"NO_CONTESTING_CANDIDATES": 15,
		"PENDING_CRIMINAL_CASES_PER_CANDIDATE": 0.07
	},
	{
		"PARTY": "Purvanchal Janta Party (Secular)",
		"NO_CONTESTING_CANDIDATES": 14,
		"PENDING_CRIMINAL_CASES_PER_CANDIDATE": 0.07
	},
	{
		"PARTY": "Peoples Party of India (Democratic)",
		"NO_CONTESTING_CANDIDATES": 56,
		"PENDING_CRIMINAL_CASES_PER_CANDIDATE": 0.07
	},
	{
		"PARTY": "BJD",
		"NO_CONTESTING_CANDIDATES": 21,
		"PENDING_CRIMINAL_CASES_PER_CANDIDATE": 0.05
	},
	{
		"PARTY": "Pyramid Party of India",
		"NO_CONTESTING_CANDIDATES": 47,
		"PENDING_CRIMINAL_CASES_PER_CANDIDATE": 0.04
	},
	{
		"PARTY": "Bhartiya Shakti Chetna Party",
		"NO_CONTESTING_CANDIDATES": 34,
		"PENDING_CRIMINAL_CASES_PER_CANDIDATE": 0.03
	},
	{
		"PARTY": "Rashtriya Janasachetan Party",
		"NO_CONTESTING_CANDIDATES": 5,
		"PENDING_CRIMINAL_CASES_PER_CANDIDATE": 0.0
	},
	{
		"PARTY": "Rashtriya Janhit Sangharsh Party",
		"NO_CONTESTING_CANDIDATES": 1,
		"PENDING_CRIMINAL_CASES_PER_CANDIDATE": 0.0
	},
	{
		"PARTY": "Rashtriya Jankranti Party",
		"NO_CONTESTING_CANDIDATES": 2,
		"PENDING_CRIMINAL_CASES_PER_CANDIDATE": 0.0
	},
	{
		"PARTY": "Rashtriya Janmat Party",
		"NO_CONTESTING_CANDIDATES": 2,
		"PENDING_CRIMINAL_CASES_PER_CANDIDATE": 0.0
	},
	{
		"PARTY": "People’s Union Party",
		"NO_CONTESTING_CANDIDATES": 1,
		"PENDING_CRIMINAL_CASES_PER_CANDIDATE": 0.0
	},
	{
		"PARTY": "Rashtriya Janadhikar Party",
		"NO_CONTESTING_CANDIDATES": 1,
		"PENDING_CRIMINAL_CASES_PER_CANDIDATE": 0.0
	},
	{
		"PARTY": "Peoples Democratic Party",
		"NO_CONTESTING_CANDIDATES": 3,
		"PENDING_CRIMINAL_CASES_PER_CANDIDATE": 0.0
	},
	{
		"PARTY": "Rashtriya Jan Gaurav Party",
		"NO_CONTESTING_CANDIDATES": 1,
		"PENDING_CRIMINAL_CASES_PER_CANDIDATE": 0.0
	},
	{
		"PARTY": "Peoples Party of Arunachal",
		"NO_CONTESTING_CANDIDATES": 2,
		"PENDING_CRIMINAL_CASES_PER_CANDIDATE": 0.0
	},
	{
		"PARTY": "Party for Democratic Socialism",
		"NO_CONTESTING_CANDIDATES": 5,
		"PENDING_CRIMINAL_CASES_PER_CANDIDATE": 0.0
	},
	{
		"PARTY": "Peoples Party of India(secular)",
		"NO_CONTESTING_CANDIDATES": 3,
		"PENDING_CRIMINAL_CASES_PER_CANDIDATE": 0.0
	},
	{
		"PARTY": "Rashtra Vikas Zumbes Party",
		"NO_CONTESTING_CANDIDATES": 1,
		"PENDING_CRIMINAL_CASES_PER_CANDIDATE": 0.0
	},
	{
		"PARTY": "Rashtriya Jan Adhikar Party",
		"NO_CONTESTING_CANDIDATES": 3,
		"PENDING_CRIMINAL_CASES_PER_CANDIDATE": 0.0
	},
	{
		"PARTY": "Rashtrawadi Shramjeevi Dal",
		"NO_CONTESTING_CANDIDATES": 1,
		"PENDING_CRIMINAL_CASES_PER_CANDIDATE": 0.0
	},
	{
		"PARTY": "Rashtriya Apna Dal",
		"NO_CONTESTING_CANDIDATES": 2,
		"PENDING_CRIMINAL_CASES_PER_CANDIDATE": 0.0
	},
	{
		"PARTY": "Puducherry Development Party",
		"NO_CONTESTING_CANDIDATES": 1,
		"PENDING_CRIMINAL_CASES_PER_CANDIDATE": 0.0
	},
	{
		"PARTY": "Purvanchal Mahapanchayat",
		"NO_CONTESTING_CANDIDATES": 3,
		"PENDING_CRIMINAL_CASES_PER_CANDIDATE": 0.0
	},
	{
		"PARTY": "Rashtriya Aamjan Party",
		"NO_CONTESTING_CANDIDATES": 1,
		"PENDING_CRIMINAL_CASES_PER_CANDIDATE": 0.0
	},
	{
		"PARTY": "RASHTRIYA VIKLANG PARTY",
		"NO_CONTESTING_CANDIDATES": 1,
		"PENDING_CRIMINAL_CASES_PER_CANDIDATE": 0.0
	},
	{
		"PARTY": "Rashtriya Aadarsh Member Party",
		"NO_CONTESTING_CANDIDATES": 1,
		"PENDING_CRIMINAL_CASES_PER_CANDIDATE": 0.0
	},
	{
		"PARTY": "RPI(Khobragade)",
		"NO_CONTESTING_CANDIDATES": 2,
		"PENDING_CRIMINAL_CASES_PER_CANDIDATE": 0.0
	},
	{
		"PARTY": "Radical Democrats Party",
		"NO_CONTESTING_CANDIDATES": 1,
		"PENDING_CRIMINAL_CASES_PER_CANDIDATE": 0.0
	},
	{
		"PARTY": "Rashtriya Indepndent Morcha",
		"NO_CONTESTING_CANDIDATES": 1,
		"PENDING_CRIMINAL_CASES_PER_CANDIDATE": 0.0
	},
	{
		"PARTY": "Raita Bharat Party",
		"NO_CONTESTING_CANDIDATES": 1,
		"PENDING_CRIMINAL_CASES_PER_CANDIDATE": 0.0
	},
	{
		"PARTY": "Rashtriya Jansanchar Dal",
		"NO_CONTESTING_CANDIDATES": 1,
		"PENDING_CRIMINAL_CASES_PER_CANDIDATE": 0.0
	},
	{
		"PARTY": "Rashtra Nirman Party",
		"NO_CONTESTING_CANDIDATES": 5,
		"PENDING_CRIMINAL_CASES_PER_CANDIDATE": 0.0
	},
	{
		"PARTY": "Rashtrawadi Party of India",
		"NO_CONTESTING_CANDIDATES": 1,
		"PENDING_CRIMINAL_CASES_PER_CANDIDATE": 0.0
	},
	{
		"PARTY": "Rashtrawadi Chetna Party",
		"NO_CONTESTING_CANDIDATES": 1,
		"PENDING_CRIMINAL_CASES_PER_CANDIDATE": 0.0
	},
	{
		"PARTY": "Rashtravadi Party (Bharat)",
		"NO_CONTESTING_CANDIDATES": 1,
		"PENDING_CRIMINAL_CASES_PER_CANDIDATE": 0.0
	},
	{
		"PARTY": "Rashtravadi Kranti Dal",
		"NO_CONTESTING_CANDIDATES": 1,
		"PENDING_CRIMINAL_CASES_PER_CANDIDATE": 0.0
	},
	{
		"PARTY": "Public Mission Party",
		"NO_CONTESTING_CANDIDATES": 2,
		"PENDING_CRIMINAL_CASES_PER_CANDIDATE": 0.0
	},
	{
		"PARTY": "Proutist Bloc India",
		"NO_CONTESTING_CANDIDATES": 1,
		"PENDING_CRIMINAL_CASES_PER_CANDIDATE": 0.0
	},
	{
		"PARTY": "Rashtriya Backward Party",
		"NO_CONTESTING_CANDIDATES": 1,
		"PENDING_CRIMINAL_CASES_PER_CANDIDATE": 0.0
	},
	{
		"PARTY": "Prithviraj Janshakti Party",
		"NO_CONTESTING_CANDIDATES": 3,
		"PENDING_CRIMINAL_CASES_PER_CANDIDATE": 0.0
	},
	{
		"PARTY": "Pichhara Samaj Party United",
		"NO_CONTESTING_CANDIDATES": 2,
		"PENDING_CRIMINAL_CASES_PER_CANDIDATE": 0.0
	},
	{
		"PARTY": "Pichhra Samaj Party",
		"NO_CONTESTING_CANDIDATES": 1,
		"PENDING_CRIMINAL_CASES_PER_CANDIDATE": 0.0
	},
	{
		"PARTY": "Poorvanchal Rashtriya Congress",
		"NO_CONTESTING_CANDIDATES": 2,
		"PENDING_CRIMINAL_CASES_PER_CANDIDATE": 0.0
	},
	{
		"PARTY": "Prabuddha Republican Party",
		"NO_CONTESTING_CANDIDATES": 5,
		"PENDING_CRIMINAL_CASES_PER_CANDIDATE": 0.0
	},
	{
		"PARTY": "Pragatisheel Lok Manch",
		"NO_CONTESTING_CANDIDATES": 1,
		"PENDING_CRIMINAL_CASES_PER_CANDIDATE": 0.0
	},
	{
		"PARTY": "Pragatisheel Manav Samaj Party",
		"NO_CONTESTING_CANDIDATES": 3,
		"PENDING_CRIMINAL_CASES_PER_CANDIDATE": 0.0
	},
	{
		"PARTY": "Pragatisheel Samaj Party",
		"NO_CONTESTING_CANDIDATES": 4,
		"PENDING_CRIMINAL_CASES_PER_CANDIDATE": 0.0
	},
	{
		"PARTY": "Rashtriya Gondvana Party",
		"NO_CONTESTING_CANDIDATES": 1,
		"PENDING_CRIMINAL_CASES_PER_CANDIDATE": 0.0
	},
	{
		"PARTY": "Prahar Janshakti Party",
		"NO_CONTESTING_CANDIDATES": 1,
		"PENDING_CRIMINAL_CASES_PER_CANDIDATE": 0.0
	},
	{
		"PARTY": "Prajaa Swaraaj Party",
		"NO_CONTESTING_CANDIDATES": 1,
		"PENDING_CRIMINAL_CASES_PER_CANDIDATE": 0.0
	},
	{
		"PARTY": "Prajatantra Aadhar Party",
		"NO_CONTESTING_CANDIDATES": 1,
		"PENDING_CRIMINAL_CASES_PER_CANDIDATE": 0.0
	},
	{
		"PARTY": "Prajatantrik Samadhan Party",
		"NO_CONTESTING_CANDIDATES": 1,
		"PENDING_CRIMINAL_CASES_PER_CANDIDATE": 0.0
	},
	{
		"PARTY": "Prem Janata Dal",
		"NO_CONTESTING_CANDIDATES": 1,
		"PENDING_CRIMINAL_CASES_PER_CANDIDATE": 0.0
	},
	{
		"PARTY": "Rashtriya Bhagidari Samaj Party",
		"NO_CONTESTING_CANDIDATES": 1,
		"PENDING_CRIMINAL_CASES_PER_CANDIDATE": 0.0
	},
	{
		"PARTY": "Rashtriya Bahujan Congress Party",
		"NO_CONTESTING_CANDIDATES": 1,
		"PENDING_CRIMINAL_CASES_PER_CANDIDATE": 0.0
	},
	{
		"PARTY": "Pravasi Nivasi Party",
		"NO_CONTESTING_CANDIDATES": 1,
		"PENDING_CRIMINAL_CASES_PER_CANDIDATE": 0.0
	},
	{
		"PARTY": "Republican Party of India (Kamble)",
		"NO_CONTESTING_CANDIDATES": 1,
		"PENDING_CRIMINAL_CASES_PER_CANDIDATE": 0.0
	},
	{
		"PARTY": "Rashtriya Jansena Party",
		"NO_CONTESTING_CANDIDATES": 1,
		"PENDING_CRIMINAL_CASES_PER_CANDIDATE": 0.0
	},
	{
		"PARTY": "Sanjhi Virasat Party",
		"NO_CONTESTING_CANDIDATES": 1,
		"PENDING_CRIMINAL_CASES_PER_CANDIDATE": 0.0
	},
	{
		"PARTY": "Swaraj Party (Loktantrik)",
		"NO_CONTESTING_CANDIDATES": 2,
		"PENDING_CRIMINAL_CASES_PER_CANDIDATE": 0.0
	},
	{
		"PARTY": "Svatantra Bharat Satyagrah Party",
		"NO_CONTESTING_CANDIDATES": 2,
		"PENDING_CRIMINAL_CASES_PER_CANDIDATE": 0.0
	},
	{
		"PARTY": "Sunder Samaj Party",
		"NO_CONTESTING_CANDIDATES": 1,
		"PENDING_CRIMINAL_CASES_PER_CANDIDATE": 0.0
	},
	{
		"PARTY": "Subhashwadi Bhartiya Samajwadi Party (Subhas",
		"NO_CONTESTING_CANDIDATES": 1,
		"PENDING_CRIMINAL_CASES_PER_CANDIDATE": 0.0
	},
	{
		"PARTY": "Subhashwadi Bhartiya Samajwadi Party",
		"NO_CONTESTING_CANDIDATES": 2,
		"PENDING_CRIMINAL_CASES_PER_CANDIDATE": 0.0
	},
	{
		"PARTY": "Socialist Janata Party",
		"NO_CONTESTING_CANDIDATES": 1,
		"PENDING_CRIMINAL_CASES_PER_CANDIDATE": 0.0
	},
	{
		"PARTY": "Smart Indians Party",
		"NO_CONTESTING_CANDIDATES": 4,
		"PENDING_CRIMINAL_CASES_PER_CANDIDATE": 0.0
	},
	{
		"PARTY": "Sikkim United Front",
		"NO_CONTESTING_CANDIDATES": 1,
		"PENDING_CRIMINAL_CASES_PER_CANDIDATE": 0.0
	},
	{
		"PARTY": "Sikkim Republican Party",
		"NO_CONTESTING_CANDIDATES": 1,
		"PENDING_CRIMINAL_CASES_PER_CANDIDATE": 0.0
	},
	{
		"PARTY": "Sikkim Krantikari Morcha",
		"NO_CONTESTING_CANDIDATES": 1,
		"PENDING_CRIMINAL_CASES_PER_CANDIDATE": 0.0
	},
	{
		"PARTY": "Shiromani Akali Dal (Taksali)",
		"NO_CONTESTING_CANDIDATES": 1,
		"PENDING_CRIMINAL_CASES_PER_CANDIDATE": 0.0
	},
	{
		"PARTY": "Shane Hind Fourm",
		"NO_CONTESTING_CANDIDATES": 1,
		"PENDING_CRIMINAL_CASES_PER_CANDIDATE": 0.0
	},
	{
		"PARTY": "Shakti Sena (Bharat Desh)",
		"NO_CONTESTING_CANDIDATES": 1,
		"PENDING_CRIMINAL_CASES_PER_CANDIDATE": 0.0
	},
	{
		"PARTY": "Secular Democratic Congress",
		"NO_CONTESTING_CANDIDATES": 4,
		"PENDING_CRIMINAL_CASES_PER_CANDIDATE": 0.0
	},
	{
		"PARTY": "Satya Kranti Party",
		"NO_CONTESTING_CANDIDATES": 1,
		"PENDING_CRIMINAL_CASES_PER_CANDIDATE": 0.0
	},
	{
		"PARTY": "Sathi Aur Aapka Faisala Party",
		"NO_CONTESTING_CANDIDATES": 2,
		"PENDING_CRIMINAL_CASES_PER_CANDIDATE": 0.0
	},
	{
		"PARTY": "Sarvshreshth Dal",
		"NO_CONTESTING_CANDIDATES": 1,
		"PENDING_CRIMINAL_CASES_PER_CANDIDATE": 0.0
	},
	{
		"PARTY": "Sarvodaya Prabhat Party",
		"NO_CONTESTING_CANDIDATES": 1,
		"PENDING_CRIMINAL_CASES_PER_CANDIDATE": 0.0
	},
	{
		"PARTY": "Sarvjan Sewa Party",
		"NO_CONTESTING_CANDIDATES": 2,
		"PENDING_CRIMINAL_CASES_PER_CANDIDATE": 0.0
	},
	{
		"PARTY": "Sarvjan Lok Shakti Party",
		"NO_CONTESTING_CANDIDATES": 2,
		"PENDING_CRIMINAL_CASES_PER_CANDIDATE": 0.0
	},
	{
		"PARTY": "Sarvadharam Party (Madhya Pradesh)",
		"NO_CONTESTING_CANDIDATES": 1,
		"PENDING_CRIMINAL_CASES_PER_CANDIDATE": 0.0
	},
	{
		"PARTY": "Sarvadharam Party",
		"NO_CONTESTING_CANDIDATES": 1,
		"PENDING_CRIMINAL_CASES_PER_CANDIDATE": 0.0
	},
	{
		"PARTY": "Sarva Janata Party",
		"NO_CONTESTING_CANDIDATES": 3,
		"PENDING_CRIMINAL_CASES_PER_CANDIDATE": 0.0
	},
	{
		"PARTY": "Sarv Vikas Party",
		"NO_CONTESTING_CANDIDATES": 1,
		"PENDING_CRIMINAL_CASES_PER_CANDIDATE": 0.0
	},
	{
		"PARTY": "Sardar Vallabhbhai Patel Party",
		"NO_CONTESTING_CANDIDATES": 4,
		"PENDING_CRIMINAL_CASES_PER_CANDIDATE": 0.0
	},
	{
		"PARTY": "Sapaks Party",
		"NO_CONTESTING_CANDIDATES": 12,
		"PENDING_CRIMINAL_CASES_PER_CANDIDATE": 0.0
	},
	{
		"PARTY": "Sanyukt Vikas Party",
		"NO_CONTESTING_CANDIDATES": 5,
		"PENDING_CRIMINAL_CASES_PER_CANDIDATE": 0.0
	},
	{
		"PARTY": "Swarna Bharat Party",
		"NO_CONTESTING_CANDIDATES": 3,
		"PENDING_CRIMINAL_CASES_PER_CANDIDATE": 0.0
	},
	{
		"PARTY": "Swarnim Bharat Inquilab",
		"NO_CONTESTING_CANDIDATES": 1,
		"PENDING_CRIMINAL_CASES_PER_CANDIDATE": 0.0
	},
	{
		"PARTY": "Swatantra Bharat Paksha",
		"NO_CONTESTING_CANDIDATES": 3,
		"PENDING_CRIMINAL_CASES_PER_CANDIDATE": 0.0
	},
	{
		"PARTY": "United States of India Party",
		"NO_CONTESTING_CANDIDATES": 1,
		"PENDING_CRIMINAL_CASES_PER_CANDIDATE": 0.0
	},
	{
		"PARTY": "Yuva Sarkar",
		"NO_CONTESTING_CANDIDATES": 2,
		"PENDING_CRIMINAL_CASES_PER_CANDIDATE": 0.0
	},
	{
		"PARTY": "Yuva Krantikari Party",
		"NO_CONTESTING_CANDIDATES": 4,
		"PENDING_CRIMINAL_CASES_PER_CANDIDATE": 0.0
	},
	{
		"PARTY": "Yuva Jan Jagriti Party",
		"NO_CONTESTING_CANDIDATES": 6,
		"PENDING_CRIMINAL_CASES_PER_CANDIDATE": 0.0
	},
	{
		"PARTY": "Yekikrutha Sankshema Rashtriya Praja Party",
		"NO_CONTESTING_CANDIDATES": 1,
		"PENDING_CRIMINAL_CASES_PER_CANDIDATE": 0.0
	},
	{
		"PARTY": "Welfare Party Of India",
		"NO_CONTESTING_CANDIDATES": 2,
		"PENDING_CRIMINAL_CASES_PER_CANDIDATE": 0.0
	},
	{
		"PARTY": "Wazib Adhikar Party",
		"NO_CONTESTING_CANDIDATES": 1,
		"PENDING_CRIMINAL_CASES_PER_CANDIDATE": 0.0
	},
	{
		"PARTY": "Vivasayigal Makkal Munnetra Katchi",
		"NO_CONTESTING_CANDIDATES": 1,
		"PENDING_CRIMINAL_CASES_PER_CANDIDATE": 0.0
	},
	{
		"PARTY": "Vishwa Manav Samaj Kalyan Parishad",
		"NO_CONTESTING_CANDIDATES": 1,
		"PENDING_CRIMINAL_CASES_PER_CANDIDATE": 0.0
	},
	{
		"PARTY": "Vishwa Jana Party",
		"NO_CONTESTING_CANDIDATES": 2,
		"PENDING_CRIMINAL_CASES_PER_CANDIDATE": 0.0
	},
	{
		"PARTY": "Vikas Insaf Party",
		"NO_CONTESTING_CANDIDATES": 2,
		"PENDING_CRIMINAL_CASES_PER_CANDIDATE": 0.0
	},
	{
		"PARTY": "Uttarakhand Pragatisheel Party",
		"NO_CONTESTING_CANDIDATES": 2,
		"PENDING_CRIMINAL_CASES_PER_CANDIDATE": 0.0
	},
	{
		"PARTY": "Universal Brotherhood Movement",
		"NO_CONTESTING_CANDIDATES": 1,
		"PENDING_CRIMINAL_CASES_PER_CANDIDATE": 0.0
	},
	{
		"PARTY": "United Peoples Party, Liberal",
		"NO_CONTESTING_CANDIDATES": 1,
		"PENDING_CRIMINAL_CASES_PER_CANDIDATE": 0.0
	},
	{
		"PARTY": "Swatantra Samaj Party",
		"NO_CONTESTING_CANDIDATES": 1,
		"PENDING_CRIMINAL_CASES_PER_CANDIDATE": 0.0
	},
	{
		"PARTY": "United Democratic Party",
		"NO_CONTESTING_CANDIDATES": 1,
		"PENDING_CRIMINAL_CASES_PER_CANDIDATE": 0.0
	},
	{
		"PARTY": "Ulzaipali Makkal Katchy",
		"NO_CONTESTING_CANDIDATES": 6,
		"PENDING_CRIMINAL_CASES_PER_CANDIDATE": 0.0
	},
	{
		"PARTY": "UTTARAKHAND PARIVARTAN PARTY",
		"NO_CONTESTING_CANDIDATES": 1,
		"PENDING_CRIMINAL_CASES_PER_CANDIDATE": 0.0
	},
	{
		"PARTY": "Tola Party",
		"NO_CONTESTING_CANDIDATES": 1,
		"PENDING_CRIMINAL_CASES_PER_CANDIDATE": 0.0
	},
	{
		"PARTY": "The National Road Map Party of India",
		"NO_CONTESTING_CANDIDATES": 2,
		"PENDING_CRIMINAL_CASES_PER_CANDIDATE": 0.0
	},
	{
		"PARTY": "The Future India Party",
		"NO_CONTESTING_CANDIDATES": 1,
		"PENDING_CRIMINAL_CASES_PER_CANDIDATE": 0.0
	},
	{
		"PARTY": "Telangana Yuva Shakti",
		"NO_CONTESTING_CANDIDATES": 1,
		"PENDING_CRIMINAL_CASES_PER_CANDIDATE": 0.0
	},
	{
		"PARTY": "Telangana Sakalajanula Party",
		"NO_CONTESTING_CANDIDATES": 1,
		"PENDING_CRIMINAL_CASES_PER_CANDIDATE": 0.0
	},
	{
		"PARTY": "Telangana Communist Party of India",
		"NO_CONTESTING_CANDIDATES": 1,
		"PENDING_CRIMINAL_CASES_PER_CANDIDATE": 0.0
	},
	{
		"PARTY": "Tamizhaga Murpokku Makkal Katchi",
		"NO_CONTESTING_CANDIDATES": 1,
		"PENDING_CRIMINAL_CASES_PER_CANDIDATE": 0.0
	},
	{
		"PARTY": "Tamil Telugu National Party",
		"NO_CONTESTING_CANDIDATES": 1,
		"PENDING_CRIMINAL_CASES_PER_CANDIDATE": 0.0
	},
	{
		"PARTY": "Tamil Maanila Congress (Moopanar)",
		"NO_CONTESTING_CANDIDATES": 1,
		"PENDING_CRIMINAL_CASES_PER_CANDIDATE": 0.0
	},
	{
		"PARTY": "Sanman Rajkiya Paksha",
		"NO_CONTESTING_CANDIDATES": 1,
		"PENDING_CRIMINAL_CASES_PER_CANDIDATE": 0.0
	},
	{
		"PARTY": "Sangharsh Sena",
		"NO_CONTESTING_CANDIDATES": 1,
		"PENDING_CRIMINAL_CASES_PER_CANDIDATE": 0.0
	},
	{
		"PARTY": "Rashtriya Janshakti Party (Secular)",
		"NO_CONTESTING_CANDIDATES": 8,
		"PENDING_CRIMINAL_CASES_PER_CANDIDATE": 0.0
	},
	{
		"PARTY": "Samta Vikas Party",
		"NO_CONTESTING_CANDIDATES": 1,
		"PENDING_CRIMINAL_CASES_PER_CANDIDATE": 0.0
	},
	{
		"PARTY": "Rashtriya Vyapari Party",
		"NO_CONTESTING_CANDIDATES": 1,
		"PENDING_CRIMINAL_CASES_PER_CANDIDATE": 0.0
	},
	{
		"PARTY": "Rashtriya Vikas Party",
		"NO_CONTESTING_CANDIDATES": 1,
		"PENDING_CRIMINAL_CASES_PER_CANDIDATE": 0.0
	},
	{
		"PARTY": "Rashtriya Surya Prakash Party",
		"NO_CONTESTING_CANDIDATES": 1,
		"PENDING_CRIMINAL_CASES_PER_CANDIDATE": 0.0
	},
	{
		"PARTY": "Rashtriya Shoshit Samaj Party",
		"NO_CONTESTING_CANDIDATES": 6,
		"PENDING_CRIMINAL_CASES_PER_CANDIDATE": 0.0
	},
	{
		"PARTY": "Rashtriya Sangail Party",
		"NO_CONTESTING_CANDIDATES": 1,
		"PENDING_CRIMINAL_CASES_PER_CANDIDATE": 0.0
	},
	{
		"PARTY": "Rashtriya Samta Vikas Party",
		"NO_CONTESTING_CANDIDATES": 1,
		"PENDING_CRIMINAL_CASES_PER_CANDIDATE": 0.0
	},
	{
		"PARTY": "Rashtriya Samanta Dal",
		"NO_CONTESTING_CANDIDATES": 2,
		"PENDING_CRIMINAL_CASES_PER_CANDIDATE": 0.0
	},
	{
		"PARTY": "Rashtriya Samajwadi Party (Secular)",
		"NO_CONTESTING_CANDIDATES": 2,
		"PENDING_CRIMINAL_CASES_PER_CANDIDATE": 0.0
	},
	{
		"PARTY": "Rashtriya Sahyog Party",
		"NO_CONTESTING_CANDIDATES": 1,
		"PENDING_CRIMINAL_CASES_PER_CANDIDATE": 0.0
	},
	{
		"PARTY": "Rashtriya Rashtrawadi Party",
		"NO_CONTESTING_CANDIDATES": 7,
		"PENDING_CRIMINAL_CASES_PER_CANDIDATE": 0.0
	},
	{
		"PARTY": "Rashtriya Pragati Party",
		"NO_CONTESTING_CANDIDATES": 1,
		"PENDING_CRIMINAL_CASES_PER_CANDIDATE": 0.0
	},
	{
		"PARTY": "Rashtriya Power Party",
		"NO_CONTESTING_CANDIDATES": 3,
		"PENDING_CRIMINAL_CASES_PER_CANDIDATE": 0.0
	},
	{
		"PARTY": "Rashtriya Nav Nirman Bharat Party",
		"NO_CONTESTING_CANDIDATES": 1,
		"PENDING_CRIMINAL_CASES_PER_CANDIDATE": 0.0
	},
	{
		"PARTY": "Rashtriya Naujawan Dal",
		"NO_CONTESTING_CANDIDATES": 1,
		"PENDING_CRIMINAL_CASES_PER_CANDIDATE": 0.0
	},
	{
		"PARTY": "Rashtriya Mazdoor Ekta Party",
		"NO_CONTESTING_CANDIDATES": 3,
		"PENDING_CRIMINAL_CASES_PER_CANDIDATE": 0.0
	},
	{
		"PARTY": "Rashtriya Maratha Party",
		"NO_CONTESTING_CANDIDATES": 5,
		"PENDING_CRIMINAL_CASES_PER_CANDIDATE": 0.0
	},
	{
		"PARTY": "Rashtriya Mangalam Party",
		"NO_CONTESTING_CANDIDATES": 1,
		"PENDING_CRIMINAL_CASES_PER_CANDIDATE": 0.0
	},
	{
		"PARTY": "Rashtriya Mahila Party",
		"NO_CONTESTING_CANDIDATES": 1,
		"PENDING_CRIMINAL_CASES_PER_CANDIDATE": 0.0
	},
	{
		"PARTY": "Rashtriya Loktantrik Party",
		"NO_CONTESTING_CANDIDATES": 1,
		"PENDING_CRIMINAL_CASES_PER_CANDIDATE": 0.0
	},
	{
		"PARTY": "Rashtriya Lokswaraj Party",
		"NO_CONTESTING_CANDIDATES": 8,
		"PENDING_CRIMINAL_CASES_PER_CANDIDATE": 0.0
	},
	{
		"PARTY": "Rashtriya Krantikari Samajwadi Party",
		"NO_CONTESTING_CANDIDATES": 4,
		"PENDING_CRIMINAL_CASES_PER_CANDIDATE": 0.0
	},
	{
		"PARTY": "Rashtriya Jatigat Aarakshan Virodhi Party",
		"NO_CONTESTING_CANDIDATES": 1,
		"PENDING_CRIMINAL_CASES_PER_CANDIDATE": 0.0
	},
	{
		"PARTY": "Rashtriya Janwadi Party (Socialist)",
		"NO_CONTESTING_CANDIDATES": 1,
		"PENDING_CRIMINAL_CASES_PER_CANDIDATE": 0.0
	},
	{
		"PARTY": "Rashtriya Janvikas Party (Democratic)",
		"NO_CONTESTING_CANDIDATES": 1,
		"PENDING_CRIMINAL_CASES_PER_CANDIDATE": 0.0
	},
	{
		"PARTY": "Rashtriya Janutthan Party",
		"NO_CONTESTING_CANDIDATES": 1,
		"PENDING_CRIMINAL_CASES_PER_CANDIDATE": 0.0
	},
	{
		"PARTY": "Rashtriya Janta Party",
		"NO_CONTESTING_CANDIDATES": 1,
		"PENDING_CRIMINAL_CASES_PER_CANDIDATE": 0.0
	},
	{
		"PARTY": "Rashtriya Jansurajya Party",
		"NO_CONTESTING_CANDIDATES": 2,
		"PENDING_CRIMINAL_CASES_PER_CANDIDATE": 0.0
	},
	{
		"PARTY": "Rashtriya mahan Gantantra Party",
		"NO_CONTESTING_CANDIDATES": 3,
		"PENDING_CRIMINAL_CASES_PER_CANDIDATE": 0.0
	},
	{
		"PARTY": "Rastriya Aam Jan Seva Party",
		"NO_CONTESTING_CANDIDATES": 1,
		"PENDING_CRIMINAL_CASES_PER_CANDIDATE": 0.0
	},
	{
		"PARTY": "Rastriya Insaaf Party",
		"NO_CONTESTING_CANDIDATES": 1,
		"PENDING_CRIMINAL_CASES_PER_CANDIDATE": 0.0
	},
	{
		"PARTY": "Samaanya Praja Party",
		"NO_CONTESTING_CANDIDATES": 1,
		"PENDING_CRIMINAL_CASES_PER_CANDIDATE": 0.0
	},
	{
		"PARTY": "Samrat Ashok Sena Party",
		"NO_CONTESTING_CANDIDATES": 1,
		"PENDING_CRIMINAL_CASES_PER_CANDIDATE": 0.0
	},
	{
		"PARTY": "Samdarshi Samaj Party",
		"NO_CONTESTING_CANDIDATES": 2,
		"PENDING_CRIMINAL_CASES_PER_CANDIDATE": 0.0
	},
	{
		"PARTY": "Samata Samadhan Party",
		"NO_CONTESTING_CANDIDATES": 1,
		"PENDING_CRIMINAL_CASES_PER_CANDIDATE": 0.0
	},
	{
		"PARTY": "Samata Kranti Dal",
		"NO_CONTESTING_CANDIDATES": 1,
		"PENDING_CRIMINAL_CASES_PER_CANDIDATE": 0.0
	},
	{
		"PARTY": "Samajwadi Samaj Party",
		"NO_CONTESTING_CANDIDATES": 1,
		"PENDING_CRIMINAL_CASES_PER_CANDIDATE": 0.0
	},
	{
		"PARTY": "Samajwadi Janata Party(Karnataka)",
		"NO_CONTESTING_CANDIDATES": 1,
		"PENDING_CRIMINAL_CASES_PER_CANDIDATE": 0.0
	},
	{
		"PARTY": "Samajwadi Janata Dal Democratic",
		"NO_CONTESTING_CANDIDATES": 1,
		"PENDING_CRIMINAL_CASES_PER_CANDIDATE": 0.0
	},
	{
		"PARTY": "Samajwadi Jan Parishad",
		"NO_CONTESTING_CANDIDATES": 1,
		"PENDING_CRIMINAL_CASES_PER_CANDIDATE": 0.0
	},
	{
		"PARTY": "Samajwadi Forward Bloc",
		"NO_CONTESTING_CANDIDATES": 11,
		"PENDING_CRIMINAL_CASES_PER_CANDIDATE": 0.0
	},
	{
		"PARTY": "Samajtantric Party of India",
		"NO_CONTESTING_CANDIDATES": 1,
		"PENDING_CRIMINAL_CASES_PER_CANDIDATE": 0.0
	},
	{
		"PARTY": "Samajik Nyaya Party",
		"NO_CONTESTING_CANDIDATES": 2,
		"PENDING_CRIMINAL_CASES_PER_CANDIDATE": 0.0
	},
	{
		"PARTY": "Samaj Adhikar Kalyan Party",
		"NO_CONTESTING_CANDIDATES": 6,
		"PENDING_CRIMINAL_CASES_PER_CANDIDATE": 0.0
	},
	{
		"PARTY": "Sajag Samaj Party",
		"NO_CONTESTING_CANDIDATES": 1,
		"PENDING_CRIMINAL_CASES_PER_CANDIDATE": 0.0
	},
	{
		"PARTY": "Rayalaseema Rashtra Samithi",
		"NO_CONTESTING_CANDIDATES": 1,
		"PENDING_CRIMINAL_CASES_PER_CANDIDATE": 0.0
	},
	{
		"PARTY": "Sabka Dal United",
		"NO_CONTESTING_CANDIDATES": 3,
		"PENDING_CRIMINAL_CASES_PER_CANDIDATE": 0.0
	},
	{
		"PARTY": "Saaf Party",
		"NO_CONTESTING_CANDIDATES": 2,
		"PENDING_CRIMINAL_CASES_PER_CANDIDATE": 0.0
	},
	{
		"PARTY": "SDF",
		"NO_CONTESTING_CANDIDATES": 1,
		"PENDING_CRIMINAL_CASES_PER_CANDIDATE": 0.0
	},
	{
		"PARTY": "SAD (Amritsar)(Simranjit Singh Mann)",
		"NO_CONTESTING_CANDIDATES": 2,
		"PENDING_CRIMINAL_CASES_PER_CANDIDATE": 0.0
	},
	{
		"PARTY": "Right to Recall Party",
		"NO_CONTESTING_CANDIDATES": 13,
		"PENDING_CRIMINAL_CASES_PER_CANDIDATE": 0.0
	},
	{
		"PARTY": "Revolutionary Socialist Party of India(Marxis",
		"NO_CONTESTING_CANDIDATES": 1,
		"PENDING_CRIMINAL_CASES_PER_CANDIDATE": 0.0
	},
	{
		"PARTY": "Revolutionary Marxist Party of India",
		"NO_CONTESTING_CANDIDATES": 2,
		"PENDING_CRIMINAL_CASES_PER_CANDIDATE": 0.0
	},
	{
		"PARTY": "Republican Sena",
		"NO_CONTESTING_CANDIDATES": 4,
		"PENDING_CRIMINAL_CASES_PER_CANDIDATE": 0.0
	},
	{
		"PARTY": "Republican Party of India (Reformist)",
		"NO_CONTESTING_CANDIDATES": 2,
		"PENDING_CRIMINAL_CASES_PER_CANDIDATE": 0.0
	},
	{
		"PARTY": "PRISM Party",
		"NO_CONTESTING_CANDIDATES": 6,
		"PENDING_CRIMINAL_CASES_PER_CANDIDATE": 0.0
	},
	{
		"PARTY": "Republican Paksha (Khoripa)",
		"NO_CONTESTING_CANDIDATES": 1,
		"PENDING_CRIMINAL_CASES_PER_CANDIDATE": 0.0
	},
	{
		"PARTY": "Real Democracy Party",
		"NO_CONTESTING_CANDIDATES": 1,
		"PENDING_CRIMINAL_CASES_PER_CANDIDATE": 0.0
	},
	{
		"PARTY": "Parivartan Samaj Party",
		"NO_CONTESTING_CANDIDATES": 3,
		"PENDING_CRIMINAL_CASES_PER_CANDIDATE": 0.0
	},
	{
		"PARTY": "Lok Jan Vikas Morcha",
		"NO_CONTESTING_CANDIDATES": 2,
		"PENDING_CRIMINAL_CASES_PER_CANDIDATE": 0.0
	},
	{
		"PARTY": "Odisha Pragati Dal",
		"NO_CONTESTING_CANDIDATES": 1,
		"PENDING_CRIMINAL_CASES_PER_CANDIDATE": 0.0
	},
	{
		"PARTY": "Bhartiya Harit Party",
		"NO_CONTESTING_CANDIDATES": 1,
		"PENDING_CRIMINAL_CASES_PER_CANDIDATE": 0.0
	},
	{
		"PARTY": "Bhartiya Azad Sena",
		"NO_CONTESTING_CANDIDATES": 1,
		"PENDING_CRIMINAL_CASES_PER_CANDIDATE": 0.0
	},
	{
		"PARTY": "Bhartiya Anarakshit Party",
		"NO_CONTESTING_CANDIDATES": 4,
		"PENDING_CRIMINAL_CASES_PER_CANDIDATE": 0.0
	},
	{
		"PARTY": "Bharipa Bahujan Mahasangh",
		"NO_CONTESTING_CANDIDATES": 2,
		"PENDING_CRIMINAL_CASES_PER_CANDIDATE": 0.0
	},
	{
		"PARTY": "Bharatrashtra Democratic Party",
		"NO_CONTESTING_CANDIDATES": 1,
		"PENDING_CRIMINAL_CASES_PER_CANDIDATE": 0.0
	},
	{
		"PARTY": "Bharatiya Sarvodaya Kranti Party",
		"NO_CONTESTING_CANDIDATES": 1,
		"PENDING_CRIMINAL_CASES_PER_CANDIDATE": 0.0
	},
	{
		"PARTY": "Bharatiya Samta Samaj Party",
		"NO_CONTESTING_CANDIDATES": 3,
		"PENDING_CRIMINAL_CASES_PER_CANDIDATE": 0.0
	},
	{
		"PARTY": "Bharatiya Sampuran Krantikari Party",
		"NO_CONTESTING_CANDIDATES": 1,
		"PENDING_CRIMINAL_CASES_PER_CANDIDATE": 0.0
	},
	{
		"PARTY": "Bharatiya Rashtriya Morcha",
		"NO_CONTESTING_CANDIDATES": 2,
		"PENDING_CRIMINAL_CASES_PER_CANDIDATE": 0.0
	},
	{
		"PARTY": "Bharatiya Rashtravadi Samanta Party",
		"NO_CONTESTING_CANDIDATES": 1,
		"PENDING_CRIMINAL_CASES_PER_CANDIDATE": 0.0
	},
	{
		"PARTY": "Bharatiya Rashtravadi Paksha",
		"NO_CONTESTING_CANDIDATES": 1,
		"PENDING_CRIMINAL_CASES_PER_CANDIDATE": 0.0
	},
	{
		"PARTY": "Bharatiya Prajatantrik Shudh Gandhiwadi Krish",
		"NO_CONTESTING_CANDIDATES": 1,
		"PENDING_CRIMINAL_CASES_PER_CANDIDATE": 0.0
	},
	{
		"PARTY": "Bharatiya Prajagala Kalyana Paksha",
		"NO_CONTESTING_CANDIDATES": 2,
		"PENDING_CRIMINAL_CASES_PER_CANDIDATE": 0.0
	},
	{
		"PARTY": "Bharatiya Praja Surajya Paksha",
		"NO_CONTESTING_CANDIDATES": 8,
		"PENDING_CRIMINAL_CASES_PER_CANDIDATE": 0.0
	},
	{
		"PARTY": "Bharatiya Peoples Party",
		"NO_CONTESTING_CANDIDATES": 1,
		"PENDING_CRIMINAL_CASES_PER_CANDIDATE": 0.0
	},
	{
		"PARTY": "Bharatiya National Janta Dal",
		"NO_CONTESTING_CANDIDATES": 4,
		"PENDING_CRIMINAL_CASES_PER_CANDIDATE": 0.0
	},
	{
		"PARTY": "Bharatiya Majdoor Janta Party",
		"NO_CONTESTING_CANDIDATES": 1,
		"PENDING_CRIMINAL_CASES_PER_CANDIDATE": 0.0
	},
	{
		"PARTY": "Bharatiya Kisan Parivartan Party",
		"NO_CONTESTING_CANDIDATES": 1,
		"PENDING_CRIMINAL_CASES_PER_CANDIDATE": 0.0
	},
	{
		"PARTY": "Bharatiya Jan Morcha Party",
		"NO_CONTESTING_CANDIDATES": 1,
		"PENDING_CRIMINAL_CASES_PER_CANDIDATE": 0.0
	},
	{
		"PARTY": "Bharatiya Gana Parishad",
		"NO_CONTESTING_CANDIDATES": 4,
		"PENDING_CRIMINAL_CASES_PER_CANDIDATE": 0.0
	},
	{
		"PARTY": "Bharatiya Bahujan Samta Party",
		"NO_CONTESTING_CANDIDATES": 2,
		"PENDING_CRIMINAL_CASES_PER_CANDIDATE": 0.0
	},
	{
		"PARTY": "Bharatiya Bahujan Party",
		"NO_CONTESTING_CANDIDATES": 1,
		"PENDING_CRIMINAL_CASES_PER_CANDIDATE": 0.0
	},
	{
		"PARTY": "Bharatiya Bahujan Parivartan Party",
		"NO_CONTESTING_CANDIDATES": 1,
		"PENDING_CRIMINAL_CASES_PER_CANDIDATE": 0.0
	},
	{
		"PARTY": "Bharatiya Bahujan Congress",
		"NO_CONTESTING_CANDIDATES": 6,
		"PENDING_CRIMINAL_CASES_PER_CANDIDATE": 0.0
	},
	{
		"PARTY": "Bharatiya Aavaam Ekta Party",
		"NO_CONTESTING_CANDIDATES": 1,
		"PENDING_CRIMINAL_CASES_PER_CANDIDATE": 0.0
	},
	{
		"PARTY": "Bharatiya Aam Awam Party",
		"NO_CONTESTING_CANDIDATES": 1,
		"PENDING_CRIMINAL_CASES_PER_CANDIDATE": 0.0
	},
	{
		"PARTY": "Bharat Rakshak Party (Democratic)",
		"NO_CONTESTING_CANDIDATES": 2,
		"PENDING_CRIMINAL_CASES_PER_CANDIDATE": 0.0
	},
	{
		"PARTY": "Bharat Nirman Party",
		"NO_CONTESTING_CANDIDATES": 1,
		"PENDING_CRIMINAL_CASES_PER_CANDIDATE": 0.0
	},
	{
		"PARTY": "Bharat Jan Aadhar Party",
		"NO_CONTESTING_CANDIDATES": 4,
		"PENDING_CRIMINAL_CASES_PER_CANDIDATE": 0.0
	},
	{
		"PARTY": "Bharat Bhrashtachar Mitao Party",
		"NO_CONTESTING_CANDIDATES": 1,
		"PENDING_CRIMINAL_CASES_PER_CANDIDATE": 0.0
	},
	{
		"PARTY": "Bhartiya Bhaichara Party",
		"NO_CONTESTING_CANDIDATES": 2,
		"PENDING_CRIMINAL_CASES_PER_CANDIDATE": 0.0
	},
	{
		"PARTY": "Bhartiya Hind Fauj",
		"NO_CONTESTING_CANDIDATES": 2,
		"PENDING_CRIMINAL_CASES_PER_CANDIDATE": 0.0
	},
	{
		"PARTY": "Democratic Prajakranthi Party Secularist",
		"NO_CONTESTING_CANDIDATES": 1,
		"PENDING_CRIMINAL_CASES_PER_CANDIDATE": 0.0
	},
	{
		"PARTY": "Bhartiya Insan Party",
		"NO_CONTESTING_CANDIDATES": 3,
		"PENDING_CRIMINAL_CASES_PER_CANDIDATE": 0.0
	},
	{
		"PARTY": "Democratic Corruption Liberation Front",
		"NO_CONTESTING_CANDIDATES": 1,
		"PENDING_CRIMINAL_CASES_PER_CANDIDATE": 0.0
	},
	{
		"PARTY": "Dalita Bahujana Party",
		"NO_CONTESTING_CANDIDATES": 3,
		"PENDING_CRIMINAL_CASES_PER_CANDIDATE": 0.0
	},
	{
		"PARTY": "Daksha Party",
		"NO_CONTESTING_CANDIDATES": 1,
		"PENDING_CRIMINAL_CASES_PER_CANDIDATE": 0.0
	},
	{
		"PARTY": "Corruption Abolition Party",
		"NO_CONTESTING_CANDIDATES": 1,
		"PENDING_CRIMINAL_CASES_PER_CANDIDATE": 0.0
	},
	{
		"PARTY": "Christian Democratic Front",
		"NO_CONTESTING_CANDIDATES": 1,
		"PENDING_CRIMINAL_CASES_PER_CANDIDATE": 0.0
	},
	{
		"PARTY": "Chhattisgarh Vikas Ganga Rashtriya Party",
		"NO_CONTESTING_CANDIDATES": 2,
		"PENDING_CRIMINAL_CASES_PER_CANDIDATE": 0.0
	},
	{
		"PARTY": "Chhattisgarh Swabhiman Manch",
		"NO_CONTESTING_CANDIDATES": 2,
		"PENDING_CRIMINAL_CASES_PER_CANDIDATE": 0.0
	},
	{
		"PARTY": "Challengers Party",
		"NO_CONTESTING_CANDIDATES": 2,
		"PENDING_CRIMINAL_CASES_PER_CANDIDATE": 0.0
	},
	{
		"PARTY": "Bundelkhand Kranti Dal",
		"NO_CONTESTING_CANDIDATES": 1,
		"PENDING_CRIMINAL_CASES_PER_CANDIDATE": 0.0
	},
	{
		"PARTY": "Bodoland Peoples Front",
		"NO_CONTESTING_CANDIDATES": 1,
		"PENDING_CRIMINAL_CASES_PER_CANDIDATE": 0.0
	},
	{
		"PARTY": "Bhartiya Vanchitsamaj Party",
		"NO_CONTESTING_CANDIDATES": 1,
		"PENDING_CRIMINAL_CASES_PER_CANDIDATE": 0.0
	},
	{
		"PARTY": "Bhartiya Sarvodaya Party",
		"NO_CONTESTING_CANDIDATES": 2,
		"PENDING_CRIMINAL_CASES_PER_CANDIDATE": 0.0
	},
	{
		"PARTY": "Bhartiya Republican Party (Insan)",
		"NO_CONTESTING_CANDIDATES": 1,
		"PENDING_CRIMINAL_CASES_PER_CANDIDATE": 0.0
	},
	{
		"PARTY": "Bhartiya Rashtrawadi Party",
		"NO_CONTESTING_CANDIDATES": 1,
		"PENDING_CRIMINAL_CASES_PER_CANDIDATE": 0.0
	},
	{
		"PARTY": "Bhartiya Pragatisheel Congress",
		"NO_CONTESTING_CANDIDATES": 1,
		"PENDING_CRIMINAL_CASES_PER_CANDIDATE": 0.0
	},
	{
		"PARTY": "Bhartiya Panchyat Party",
		"NO_CONTESTING_CANDIDATES": 2,
		"PENDING_CRIMINAL_CASES_PER_CANDIDATE": 0.0
	},
	{
		"PARTY": "Bhartiya Nojawan Dal",
		"NO_CONTESTING_CANDIDATES": 1,
		"PENDING_CRIMINAL_CASES_PER_CANDIDATE": 0.0
	},
	{
		"PARTY": "Bhartiya Navodaya Party",
		"NO_CONTESTING_CANDIDATES": 1,
		"PENDING_CRIMINAL_CASES_PER_CANDIDATE": 0.0
	},
	{
		"PARTY": "Bhartiya Navjawan Sena (Paksha)",
		"NO_CONTESTING_CANDIDATES": 3,
		"PENDING_CRIMINAL_CASES_PER_CANDIDATE": 0.0
	},
	{
		"PARTY": "Bhartiya Naujawan Inklav Party",
		"NO_CONTESTING_CANDIDATES": 1,
		"PENDING_CRIMINAL_CASES_PER_CANDIDATE": 0.0
	},
	{
		"PARTY": "Bhartiya Manvadhikaar Federal Party",
		"NO_CONTESTING_CANDIDATES": 2,
		"PENDING_CRIMINAL_CASES_PER_CANDIDATE": 0.0
	},
	{
		"PARTY": "Bhartiya Manav Samaj Party",
		"NO_CONTESTING_CANDIDATES": 3,
		"PENDING_CRIMINAL_CASES_PER_CANDIDATE": 0.0
	},
	{
		"PARTY": "Bhartiya Krishak Dal",
		"NO_CONTESTING_CANDIDATES": 4,
		"PENDING_CRIMINAL_CASES_PER_CANDIDATE": 0.0
	},
	{
		"PARTY": "Bhartiya Kisan Union Samaj Party",
		"NO_CONTESTING_CANDIDATES": 1,
		"PENDING_CRIMINAL_CASES_PER_CANDIDATE": 0.0
	},
	{
		"PARTY": "Bhartiya Janta Dal (Integrated)",
		"NO_CONTESTING_CANDIDATES": 1,
		"PENDING_CRIMINAL_CASES_PER_CANDIDATE": 0.0
	},
	{
		"PARTY": "Bhartiya Janraj Party",
		"NO_CONTESTING_CANDIDATES": 4,
		"PENDING_CRIMINAL_CASES_PER_CANDIDATE": 0.0
	},
	{
		"PARTY": "Bhartiya Jan Satta Party",
		"NO_CONTESTING_CANDIDATES": 1,
		"PENDING_CRIMINAL_CASES_PER_CANDIDATE": 0.0
	},
	{
		"PARTY": "Bhartiya Jan Sampark Party",
		"NO_CONTESTING_CANDIDATES": 1,
		"PENDING_CRIMINAL_CASES_PER_CANDIDATE": 0.0
	},
	{
		"PARTY": "Bhartiya Jan Samman Party",
		"NO_CONTESTING_CANDIDATES": 2,
		"PENDING_CRIMINAL_CASES_PER_CANDIDATE": 0.0
	},
	{
		"PARTY": "Bhapase Party",
		"NO_CONTESTING_CANDIDATES": 1,
		"PENDING_CRIMINAL_CASES_PER_CANDIDATE": 0.0
	},
	{
		"PARTY": "Bahujana Raajyam Party (Phule Ambedkar)",
		"NO_CONTESTING_CANDIDATES": 1,
		"PENDING_CRIMINAL_CASES_PER_CANDIDATE": 0.0
	},
	{
		"PARTY": "Bahujan Uday Manch",
		"NO_CONTESTING_CANDIDATES": 1,
		"PENDING_CRIMINAL_CASES_PER_CANDIDATE": 0.0
	},
	{
		"PARTY": "Bahujan Suraksha Dal",
		"NO_CONTESTING_CANDIDATES": 1,
		"PENDING_CRIMINAL_CASES_PER_CANDIDATE": 0.0
	},
	{
		"PARTY": "All India Puratchi Thalaivar Makkal Munnettra",
		"NO_CONTESTING_CANDIDATES": 1,
		"PENDING_CRIMINAL_CASES_PER_CANDIDATE": 0.0
	},
	{
		"PARTY": "All India Praja Party",
		"NO_CONTESTING_CANDIDATES": 3,
		"PENDING_CRIMINAL_CASES_PER_CANDIDATE": 0.0
	},
	{
		"PARTY": "All India Peoples Front (Radical)",
		"NO_CONTESTING_CANDIDATES": 1,
		"PENDING_CRIMINAL_CASES_PER_CANDIDATE": 0.0
	},
	{
		"PARTY": "All India N.R. Congress",
		"NO_CONTESTING_CANDIDATES": 1,
		"PENDING_CRIMINAL_CASES_PER_CANDIDATE": 0.0
	},
	{
		"PARTY": "All India Minorities Front",
		"NO_CONTESTING_CANDIDATES": 3,
		"PENDING_CRIMINAL_CASES_PER_CANDIDATE": 0.0
	},
	{
		"PARTY": "All India Labour Party",
		"NO_CONTESTING_CANDIDATES": 1,
		"PENDING_CRIMINAL_CASES_PER_CANDIDATE": 0.0
	},
	{
		"PARTY": "Al-Hind Party",
		"NO_CONTESTING_CANDIDATES": 2,
		"PENDING_CRIMINAL_CASES_PER_CANDIDATE": 0.0
	},
	{
		"PARTY": "Akila India Vallalar Peravai",
		"NO_CONTESTING_CANDIDATES": 1,
		"PENDING_CRIMINAL_CASES_PER_CANDIDATE": 0.0
	},
	{
		"PARTY": "Akhil Bhartiya Sarvadharma Samaj Party",
		"NO_CONTESTING_CANDIDATES": 1,
		"PENDING_CRIMINAL_CASES_PER_CANDIDATE": 0.0
	},
	{
		"PARTY": "Akhil Bhartiya Navnirman Party",
		"NO_CONTESTING_CANDIDATES": 1,
		"PENDING_CRIMINAL_CASES_PER_CANDIDATE": 0.0
	},
	{
		"PARTY": "Akhil Bhartiya Mithila Party",
		"NO_CONTESTING_CANDIDATES": 1,
		"PENDING_CRIMINAL_CASES_PER_CANDIDATE": 0.0
	},
	{
		"PARTY": "Akhil Bhartiya Lok Dal",
		"NO_CONTESTING_CANDIDATES": 1,
		"PENDING_CRIMINAL_CASES_PER_CANDIDATE": 0.0
	},
	{
		"PARTY": "Akhil Bhartiya Jharkhand Party",
		"NO_CONTESTING_CANDIDATES": 1,
		"PENDING_CRIMINAL_CASES_PER_CANDIDATE": 0.0
	},
	{
		"PARTY": "Akhil Bharatiya Jan Sangh",
		"NO_CONTESTING_CANDIDATES": 5,
		"PENDING_CRIMINAL_CASES_PER_CANDIDATE": 0.0
	},
	{
		"PARTY": "Akhand Samaj Party",
		"NO_CONTESTING_CANDIDATES": 2,
		"PENDING_CRIMINAL_CASES_PER_CANDIDATE": 0.0
	},
	{
		"PARTY": "Akhand Hind Party",
		"NO_CONTESTING_CANDIDATES": 1,
		"PENDING_CRIMINAL_CASES_PER_CANDIDATE": 0.0
	},
	{
		"PARTY": "Ahimsa Socialist Party",
		"NO_CONTESTING_CANDIDATES": 1,
		"PENDING_CRIMINAL_CASES_PER_CANDIDATE": 0.0
	},
	{
		"PARTY": "Adim Bhartiya Dal",
		"NO_CONTESTING_CANDIDATES": 1,
		"PENDING_CRIMINAL_CASES_PER_CANDIDATE": 0.0
	},
	{
		"PARTY": "Adhunik Bharat Party",
		"NO_CONTESTING_CANDIDATES": 2,
		"PENDING_CRIMINAL_CASES_PER_CANDIDATE": 0.0
	},
	{
		"PARTY": "Adhikar Vikas Party",
		"NO_CONTESTING_CANDIDATES": 2,
		"PENDING_CRIMINAL_CASES_PER_CANDIDATE": 0.0
	},
	{
		"PARTY": "Adarshwaadi Congress Party",
		"NO_CONTESTING_CANDIDATES": 1,
		"PENDING_CRIMINAL_CASES_PER_CANDIDATE": 0.0
	},
	{
		"PARTY": "Adarsh Samaj Party",
		"NO_CONTESTING_CANDIDATES": 1,
		"PENDING_CRIMINAL_CASES_PER_CANDIDATE": 0.0
	},
	{
		"PARTY": "Adarsh Nyay Rakshak Party",
		"NO_CONTESTING_CANDIDATES": 1,
		"PENDING_CRIMINAL_CASES_PER_CANDIDATE": 0.0
	},
	{
		"PARTY": "Aasra Lokmanch Party",
		"NO_CONTESTING_CANDIDATES": 2,
		"PENDING_CRIMINAL_CASES_PER_CANDIDATE": 0.0
	},
	{
		"PARTY": "Aap Aur Hum Party",
		"NO_CONTESTING_CANDIDATES": 1,
		"PENDING_CRIMINAL_CASES_PER_CANDIDATE": 0.0
	},
	{
		"PARTY": "Aam Janta Party Rashtriya",
		"NO_CONTESTING_CANDIDATES": 3,
		"PENDING_CRIMINAL_CASES_PER_CANDIDATE": 0.0
	},
	{
		"PARTY": "Aam Janta Party (India)",
		"NO_CONTESTING_CANDIDATES": 7,
		"PENDING_CRIMINAL_CASES_PER_CANDIDATE": 0.0
	},
	{
		"PARTY": "Aadarsh Sangram Party",
		"NO_CONTESTING_CANDIDATES": 1,
		"PENDING_CRIMINAL_CASES_PER_CANDIDATE": 0.0
	},
	{
		"PARTY": "Aadarsh Janata Sewa Party",
		"NO_CONTESTING_CANDIDATES": 1,
		"PENDING_CRIMINAL_CASES_PER_CANDIDATE": 0.0
	},
	{
		"PARTY": "All Indian Rajiv Congress Party",
		"NO_CONTESTING_CANDIDATES": 1,
		"PENDING_CRIMINAL_CASES_PER_CANDIDATE": 0.0
	},
	{
		"PARTY": "All Indians Party",
		"NO_CONTESTING_CANDIDATES": 2,
		"PENDING_CRIMINAL_CASES_PER_CANDIDATE": 0.0
	},
	{
		"PARTY": "All Pensioner’s Party",
		"NO_CONTESTING_CANDIDATES": 1,
		"PENDING_CRIMINAL_CASES_PER_CANDIDATE": 0.0
	},
	{
		"PARTY": "Apna Dal United Party",
		"NO_CONTESTING_CANDIDATES": 1,
		"PENDING_CRIMINAL_CASES_PER_CANDIDATE": 0.0
	},
	{
		"PARTY": "Bahujan Samyak Party (Mission)",
		"NO_CONTESTING_CANDIDATES": 1,
		"PENDING_CRIMINAL_CASES_PER_CANDIDATE": 0.0
	},
	{
		"PARTY": "Bahujan Samaj Party (Ambedkar)",
		"NO_CONTESTING_CANDIDATES": 5,
		"PENDING_CRIMINAL_CASES_PER_CANDIDATE": 0.0
	},
	{
		"PARTY": "Bahujan Awam Party",
		"NO_CONTESTING_CANDIDATES": 4,
		"PENDING_CRIMINAL_CASES_PER_CANDIDATE": 0.0
	},
	{
		"PARTY": "BHARTIYA JANTA DAL",
		"NO_CONTESTING_CANDIDATES": 1,
		"PENDING_CRIMINAL_CASES_PER_CANDIDATE": 0.0
	},
	{
		"PARTY": "B. C. United Front",
		"NO_CONTESTING_CANDIDATES": 1,
		"PENDING_CRIMINAL_CASES_PER_CANDIDATE": 0.0
	},
	{
		"PARTY": "Azad Mazdoor Kissan Party",
		"NO_CONTESTING_CANDIDATES": 1,
		"PENDING_CRIMINAL_CASES_PER_CANDIDATE": 0.0
	},
	{
		"PARTY": "Awami Samta Party",
		"NO_CONTESTING_CANDIDATES": 3,
		"PENDING_CRIMINAL_CASES_PER_CANDIDATE": 0.0
	},
	{
		"PARTY": "Autonomous State Demand Committee",
		"NO_CONTESTING_CANDIDATES": 1,
		"PENDING_CRIMINAL_CASES_PER_CANDIDATE": 0.0
	},
	{
		"PARTY": "Atulya Bharat Party",
		"NO_CONTESTING_CANDIDATES": 2,
		"PENDING_CRIMINAL_CASES_PER_CANDIDATE": 0.0
	},
	{
		"PARTY": "Assam Dristi Party",
		"NO_CONTESTING_CANDIDATES": 1,
		"PENDING_CRIMINAL_CASES_PER_CANDIDATE": 0.0
	},
	{
		"PARTY": "Asom Jana Morcha",
		"NO_CONTESTING_CANDIDATES": 4,
		"PENDING_CRIMINAL_CASES_PER_CANDIDATE": 0.0
	},
	{
		"PARTY": "Asli Deshi Party",
		"NO_CONTESTING_CANDIDATES": 4,
		"PENDING_CRIMINAL_CASES_PER_CANDIDATE": 0.0
	},
	{
		"PARTY": "Apna Desh Party",
		"NO_CONTESTING_CANDIDATES": 2,
		"PENDING_CRIMINAL_CASES_PER_CANDIDATE": 0.0
	},
	{
		"PARTY": "Anti Corruption Dynamic Party",
		"NO_CONTESTING_CANDIDATES": 11,
		"PENDING_CRIMINAL_CASES_PER_CANDIDATE": 0.0
	},
	{
		"PARTY": "All Peoples Party",
		"NO_CONTESTING_CANDIDATES": 1,
		"PENDING_CRIMINAL_CASES_PER_CANDIDATE": 0.0
	},
	{
		"PARTY": "Annadata Party",
		"NO_CONTESTING_CANDIDATES": 1,
		"PENDING_CRIMINAL_CASES_PER_CANDIDATE": 0.0
	},
	{
		"PARTY": "Anna YSR Congress Party",
		"NO_CONTESTING_CANDIDATES": 2,
		"PENDING_CRIMINAL_CASES_PER_CANDIDATE": 0.0
	},
	{
		"PARTY": "Anjaan Aadmi Party",
		"NO_CONTESTING_CANDIDATES": 1,
		"PENDING_CRIMINAL_CASES_PER_CANDIDATE": 0.0
	},
	{
		"PARTY": "Andhra Rastra Praja Samithi",
		"NO_CONTESTING_CANDIDATES": 1,
		"PENDING_CRIMINAL_CASES_PER_CANDIDATE": 0.0
	},
	{
		"PARTY": "Andhra Chaitanya Party",
		"NO_CONTESTING_CANDIDATES": 1,
		"PENDING_CRIMINAL_CASES_PER_CANDIDATE": 0.0
	},
	{
		"PARTY": "Andaman & Nicobar Janta Party",
		"NO_CONTESTING_CANDIDATES": 1,
		"PENDING_CRIMINAL_CASES_PER_CANDIDATE": 0.0
	},
	{
		"PARTY": "Anaithu Makkal Puratchi Katchi",
		"NO_CONTESTING_CANDIDATES": 2,
		"PENDING_CRIMINAL_CASES_PER_CANDIDATE": 0.0
	},
	{
		"PARTY": "Anaithu Makkal Katchi",
		"NO_CONTESTING_CANDIDATES": 1,
		"PENDING_CRIMINAL_CASES_PER_CANDIDATE": 0.0
	},
	{
		"PARTY": "Anaithu India Makkal Katchi",
		"NO_CONTESTING_CANDIDATES": 1,
		"PENDING_CRIMINAL_CASES_PER_CANDIDATE": 0.0
	},
	{
		"PARTY": "Amra Bangalee",
		"NO_CONTESTING_CANDIDATES": 9,
		"PENDING_CRIMINAL_CASES_PER_CANDIDATE": 0.0
	},
	{
		"PARTY": "Ambedkarite Party Of India",
		"NO_CONTESTING_CANDIDATES": 1,
		"PENDING_CRIMINAL_CASES_PER_CANDIDATE": 0.0
	},
	{
		"PARTY": "Ambedkarist Republican Party",
		"NO_CONTESTING_CANDIDATES": 2,
		"PENDING_CRIMINAL_CASES_PER_CANDIDATE": 0.0
	},
	{
		"PARTY": "Ambedkar Yug Party",
		"NO_CONTESTING_CANDIDATES": 1,
		"PENDING_CRIMINAL_CASES_PER_CANDIDATE": 0.0
	},
	{
		"PARTY": "Democratic Party of India",
		"NO_CONTESTING_CANDIDATES": 1,
		"PENDING_CRIMINAL_CASES_PER_CANDIDATE": 0.0
	},
	{
		"PARTY": "Desh Janhit Party",
		"NO_CONTESTING_CANDIDATES": 1,
		"PENDING_CRIMINAL_CASES_PER_CANDIDATE": 0.0
	},
	{
		"PARTY": "North East India Development Party",
		"NO_CONTESTING_CANDIDATES": 2,
		"PENDING_CRIMINAL_CASES_PER_CANDIDATE": 0.0
	},
	{
		"PARTY": "Moulik Adhikar Party",
		"NO_CONTESTING_CANDIDATES": 13,
		"PENDING_CRIMINAL_CASES_PER_CANDIDATE": 0.0
	},
	{
		"PARTY": "Mazdoor Kirayedar Vikas Party",
		"NO_CONTESTING_CANDIDATES": 5,
		"PENDING_CRIMINAL_CASES_PER_CANDIDATE": 0.0
	},
	{
		"PARTY": "Mazdoor Dalit Kisaan Mahila Gareeb Party (Hin",
		"NO_CONTESTING_CANDIDATES": 1,
		"PENDING_CRIMINAL_CASES_PER_CANDIDATE": 0.0
	},
	{
		"PARTY": "Marxist Leninist Party of India (Red Flag)",
		"NO_CONTESTING_CANDIDATES": 3,
		"PENDING_CRIMINAL_CASES_PER_CANDIDATE": 0.0
	},
	{
		"PARTY": "Manvadhikar National Party",
		"NO_CONTESTING_CANDIDATES": 4,
		"PENDING_CRIMINAL_CASES_PER_CANDIDATE": 0.0
	},
	{
		"PARTY": "Manuvadi Party",
		"NO_CONTESTING_CANDIDATES": 1,
		"PENDING_CRIMINAL_CASES_PER_CANDIDATE": 0.0
	},
	{
		"PARTY": "Manipur Democratic Peoples Front",
		"NO_CONTESTING_CANDIDATES": 1,
		"PENDING_CRIMINAL_CASES_PER_CANDIDATE": 0.0
	},
	{
		"PARTY": "Manavtawadi Samaj Party",
		"NO_CONTESTING_CANDIDATES": 2,
		"PENDING_CRIMINAL_CASES_PER_CANDIDATE": 0.0
	},
	{
		"PARTY": "Makkalatchi Katchi",
		"NO_CONTESTING_CANDIDATES": 2,
		"PENDING_CRIMINAL_CASES_PER_CANDIDATE": 0.0
	},
	{
		"PARTY": "Makkal Sananayaga Kudiyarasu Katchi,",
		"NO_CONTESTING_CANDIDATES": 1,
		"PENDING_CRIMINAL_CASES_PER_CANDIDATE": 0.0
	},
	{
		"PARTY": "Majdoor Kisan Union Party",
		"NO_CONTESTING_CANDIDATES": 1,
		"PENDING_CRIMINAL_CASES_PER_CANDIDATE": 0.0
	},
	{
		"PARTY": "Mahila & Yuva Shakti Party",
		"NO_CONTESTING_CANDIDATES": 1,
		"PENDING_CRIMINAL_CASES_PER_CANDIDATE": 0.0
	},
	{
		"PARTY": "Mahasankalp Janta Party",
		"NO_CONTESTING_CANDIDATES": 2,
		"PENDING_CRIMINAL_CASES_PER_CANDIDATE": 0.0
	},
	{
		"PARTY": "Maharashtra Kranti Sena",
		"NO_CONTESTING_CANDIDATES": 1,
		"PENDING_CRIMINAL_CASES_PER_CANDIDATE": 0.0
	},
	{
		"PARTY": "Madhya Pradesh Jan Vikas Party",
		"NO_CONTESTING_CANDIDATES": 3,
		"PENDING_CRIMINAL_CASES_PER_CANDIDATE": 0.0
	},
	{
		"PARTY": "Maanavvaadi Janta Party",
		"NO_CONTESTING_CANDIDATES": 2,
		"PENDING_CRIMINAL_CASES_PER_CANDIDATE": 0.0
	},
	{
		"PARTY": "MNF",
		"NO_CONTESTING_CANDIDATES": 1,
		"PENDING_CRIMINAL_CASES_PER_CANDIDATE": 0.0
	},
	{
		"PARTY": "Loktantrik Rashrtavadi Party",
		"NO_CONTESTING_CANDIDATES": 1,
		"PENDING_CRIMINAL_CASES_PER_CANDIDATE": 0.0
	},
	{
		"PARTY": "Loktantrik Janshakti Party",
		"NO_CONTESTING_CANDIDATES": 1,
		"PENDING_CRIMINAL_CASES_PER_CANDIDATE": 0.0
	},
	{
		"PARTY": "Loktantrik Jan Swaraj Party",
		"NO_CONTESTING_CANDIDATES": 1,
		"PENDING_CRIMINAL_CASES_PER_CANDIDATE": 0.0
	},
	{
		"PARTY": "Loktanter Suraksha Party",
		"NO_CONTESTING_CANDIDATES": 2,
		"PENDING_CRIMINAL_CASES_PER_CANDIDATE": 0.0
	},
	{
		"PARTY": "Lokpriya Samaj Party",
		"NO_CONTESTING_CANDIDATES": 1,
		"PENDING_CRIMINAL_CASES_PER_CANDIDATE": 0.0
	},
	{
		"PARTY": "Lok Sewa Dal",
		"NO_CONTESTING_CANDIDATES": 1,
		"PENDING_CRIMINAL_CASES_PER_CANDIDATE": 0.0
	},
	{
		"PARTY": "Lok Jan Sangharsh Party",
		"NO_CONTESTING_CANDIDATES": 1,
		"PENDING_CRIMINAL_CASES_PER_CANDIDATE": 0.0
	},
	{
		"PARTY": "Lok Gathbandhan Party",
		"NO_CONTESTING_CANDIDATES": 7,
		"PENDING_CRIMINAL_CASES_PER_CANDIDATE": 0.0
	},
	{
		"PARTY": "Lok Chetna Dal",
		"NO_CONTESTING_CANDIDATES": 1,
		"PENDING_CRIMINAL_CASES_PER_CANDIDATE": 0.0
	},
	{
		"PARTY": "Krupaa Party",
		"NO_CONTESTING_CANDIDATES": 3,
		"PENDING_CRIMINAL_CASES_PER_CANDIDATE": 0.0
	},
	{
		"PARTY": "Kisan Majdoor Berojgar Sangh",
		"NO_CONTESTING_CANDIDATES": 1,
		"PENDING_CRIMINAL_CASES_PER_CANDIDATE": 0.0
	},
	{
		"PARTY": "Kerala Congress (M)",
		"NO_CONTESTING_CANDIDATES": 1,
		"PENDING_CRIMINAL_CASES_PER_CANDIDATE": 0.0
	},
	{
		"PARTY": "Karnataka Praja Party (RaithaParva)",
		"NO_CONTESTING_CANDIDATES": 2,
		"PENDING_CRIMINAL_CASES_PER_CANDIDATE": 0.0
	},
	{
		"PARTY": "Mera Adhikaar Rashtriya Dal",
		"NO_CONTESTING_CANDIDATES": 1,
		"PENDING_CRIMINAL_CASES_PER_CANDIDATE": 0.0
	},
	{
		"PARTY": "Mundadugu Praja Party",
		"NO_CONTESTING_CANDIDATES": 4,
		"PENDING_CRIMINAL_CASES_PER_CANDIDATE": 0.0
	},
	{
		"PARTY": "Desiya Uzhavar Uzhaipalar Kazhagam",
		"NO_CONTESTING_CANDIDATES": 3,
		"PENDING_CRIMINAL_CASES_PER_CANDIDATE": 0.0
	},
	{
		"PARTY": "NPF",
		"NO_CONTESTING_CANDIDATES": 1,
		"PENDING_CRIMINAL_CASES_PER_CANDIDATE": 0.0
	},
	{
		"PARTY": "Nirbhay Bharteey Party",
		"NO_CONTESTING_CANDIDATES": 1,
		"PENDING_CRIMINAL_CASES_PER_CANDIDATE": 0.0
	},
	{
		"PARTY": "New Democratic Party of India",
		"NO_CONTESTING_CANDIDATES": 3,
		"PENDING_CRIMINAL_CASES_PER_CANDIDATE": 0.0
	},
	{
		"PARTY": "New All India Congress Party",
		"NO_CONTESTING_CANDIDATES": 2,
		"PENDING_CRIMINAL_CASES_PER_CANDIDATE": 0.0
	},
	{
		"PARTY": "Nawan Punjab Party",
		"NO_CONTESTING_CANDIDATES": 1,
		"PENDING_CRIMINAL_CASES_PER_CANDIDATE": 0.0
	},
	{
		"PARTY": "Navsarjan Bharat Party",
		"NO_CONTESTING_CANDIDATES": 1,
		"PENDING_CRIMINAL_CASES_PER_CANDIDATE": 0.0
	},
	{
		"PARTY": "Navodayam Party",
		"NO_CONTESTING_CANDIDATES": 2,
		"PENDING_CRIMINAL_CASES_PER_CANDIDATE": 0.0
	},
	{
		"PARTY": "Navnirman Party",
		"NO_CONTESTING_CANDIDATES": 1,
		"PENDING_CRIMINAL_CASES_PER_CANDIDATE": 0.0
	},
	{
		"PARTY": "Navbharat Nirman Party",
		"NO_CONTESTING_CANDIDATES": 1,
		"PENDING_CRIMINAL_CASES_PER_CANDIDATE": 0.0
	},
	{
		"PARTY": "Navataram Party",
		"NO_CONTESTING_CANDIDATES": 1,
		"PENDING_CRIMINAL_CASES_PER_CANDIDATE": 0.0
	},
	{
		"PARTY": "Nava Samaj Party",
		"NO_CONTESTING_CANDIDATES": 1,
		"PENDING_CRIMINAL_CASES_PER_CANDIDATE": 0.0
	},
	{
		"PARTY": "Nava Praja Rajyam Party",
		"NO_CONTESTING_CANDIDATES": 1,
		"PENDING_CRIMINAL_CASES_PER_CANDIDATE": 0.0
	},
	{
		"PARTY": "Nationalist Peoples Front",
		"NO_CONTESTING_CANDIDATES": 1,
		"PENDING_CRIMINAL_CASES_PER_CANDIDATE": 0.0
	},
	{
		"PARTY": "Nationalist Justice Party",
		"NO_CONTESTING_CANDIDATES": 4,
		"PENDING_CRIMINAL_CASES_PER_CANDIDATE": 0.0
	},
	{
		"PARTY": "Nationalist Janshakti Party",
		"NO_CONTESTING_CANDIDATES": 2,
		"PENDING_CRIMINAL_CASES_PER_CANDIDATE": 0.0
	},
	{
		"PARTY": "Nationalist Democratic Progressive Party",
		"NO_CONTESTING_CANDIDATES": 1,
		"PENDING_CRIMINAL_CASES_PER_CANDIDATE": 0.0
	},
	{
		"PARTY": "National Womens Party",
		"NO_CONTESTING_CANDIDATES": 2,
		"PENDING_CRIMINAL_CASES_PER_CANDIDATE": 0.0
	},
	{
		"PARTY": "National Women",
		"NO_CONTESTING_CANDIDATES": 1,
		"PENDING_CRIMINAL_CASES_PER_CANDIDATE": 0.0
	},
	{
		"PARTY": "National Republican Congress",
		"NO_CONTESTING_CANDIDATES": 2,
		"PENDING_CRIMINAL_CASES_PER_CANDIDATE": 0.0
	},
	{
		"PARTY": "National Nava Kranthi Party",
		"NO_CONTESTING_CANDIDATES": 1,
		"PENDING_CRIMINAL_CASES_PER_CANDIDATE": 0.0
	},
	{
		"PARTY": "National Lokmat Party",
		"NO_CONTESTING_CANDIDATES": 1,
		"PENDING_CRIMINAL_CASES_PER_CANDIDATE": 0.0
	},
	{
		"PARTY": "National Labour Party",
		"NO_CONTESTING_CANDIDATES": 1,
		"PENDING_CRIMINAL_CASES_PER_CANDIDATE": 0.0
	},
	{
		"PARTY": "National Jagaran Party",
		"NO_CONTESTING_CANDIDATES": 1,
		"PENDING_CRIMINAL_CASES_PER_CANDIDATE": 0.0
	},
	{
		"PARTY": "National Fifty Fifty Front",
		"NO_CONTESTING_CANDIDATES": 1,
		"PENDING_CRIMINAL_CASES_PER_CANDIDATE": 0.0
	},
	{
		"PARTY": "National Development Party",
		"NO_CONTESTING_CANDIDATES": 1,
		"PENDING_CRIMINAL_CASES_PER_CANDIDATE": 0.0
	},
	{
		"PARTY": "National Dalitha Dhal Party",
		"NO_CONTESTING_CANDIDATES": 1,
		"PENDING_CRIMINAL_CASES_PER_CANDIDATE": 0.0
	},
	{
		"PARTY": "National Bhrashtachar Mukt Party",
		"NO_CONTESTING_CANDIDATES": 1,
		"PENDING_CRIMINAL_CASES_PER_CANDIDATE": 0.0
	},
	{
		"PARTY": "National Apni Party",
		"NO_CONTESTING_CANDIDATES": 1,
		"PENDING_CRIMINAL_CASES_PER_CANDIDATE": 0.0
	},
	{
		"PARTY": "Naitik Party",
		"NO_CONTESTING_CANDIDATES": 6,
		"PENDING_CRIMINAL_CASES_PER_CANDIDATE": 0.0
	},
	{
		"PARTY": "Naam Indiar Party",
		"NO_CONTESTING_CANDIDATES": 2,
		"PENDING_CRIMINAL_CASES_PER_CANDIDATE": 0.0
	},
	{
		"PARTY": "Karnataka Pragnyavantha Janatha Party",
		"NO_CONTESTING_CANDIDATES": 1,
		"PENDING_CRIMINAL_CASES_PER_CANDIDATE": 0.0
	},
	{
		"PARTY": "Karnataka Karmikara Paksha",
		"NO_CONTESTING_CANDIDATES": 4,
		"PENDING_CRIMINAL_CASES_PER_CANDIDATE": 0.0
	},
	{
		"PARTY": "Karnataka Jantha Paksha",
		"NO_CONTESTING_CANDIDATES": 2,
		"PENDING_CRIMINAL_CASES_PER_CANDIDATE": 0.0
	},
	{
		"PARTY": "Kanshiram Bahujan Dal",
		"NO_CONTESTING_CANDIDATES": 4,
		"PENDING_CRIMINAL_CASES_PER_CANDIDATE": 0.0
	},
	{
		"PARTY": "Jai Hind Party",
		"NO_CONTESTING_CANDIDATES": 1,
		"PENDING_CRIMINAL_CASES_PER_CANDIDATE": 0.0
	},
	{
		"PARTY": "Inqalab Vikas Dal",
		"NO_CONTESTING_CANDIDATES": 1,
		"PENDING_CRIMINAL_CASES_PER_CANDIDATE": 0.0
	},
	{
		"PARTY": "Indigenousn Peoples Front Of Tripura",
		"NO_CONTESTING_CANDIDATES": 2,
		"PENDING_CRIMINAL_CASES_PER_CANDIDATE": 0.0
	},
	{
		"PARTY": "Indian Unity Centre",
		"NO_CONTESTING_CANDIDATES": 2,
		"PENDING_CRIMINAL_CASES_PER_CANDIDATE": 0.0
	},
	{
		"PARTY": "Indian Rakshaka Nayakudu Party",
		"NO_CONTESTING_CANDIDATES": 1,
		"PENDING_CRIMINAL_CASES_PER_CANDIDATE": 0.0
	},
	{
		"PARTY": "Indian Peoples Green Party",
		"NO_CONTESTING_CANDIDATES": 2,
		"PENDING_CRIMINAL_CASES_PER_CANDIDATE": 0.0
	},
	{
		"PARTY": "Indian Labour Party (Ambedkar Phule)",
		"NO_CONTESTING_CANDIDATES": 4,
		"PENDING_CRIMINAL_CASES_PER_CANDIDATE": 0.0
	},
	{
		"PARTY": "Indian Indira Congress (R)",
		"NO_CONTESTING_CANDIDATES": 1,
		"PENDING_CRIMINAL_CASES_PER_CANDIDATE": 0.0
	},
	{
		"PARTY": "Indian Democratic Republican Front",
		"NO_CONTESTING_CANDIDATES": 2,
		"PENDING_CRIMINAL_CASES_PER_CANDIDATE": 0.0
	},
	{
		"PARTY": "Independent Peoples Party",
		"NO_CONTESTING_CANDIDATES": 1,
		"PENDING_CRIMINAL_CASES_PER_CANDIDATE": 0.0
	},
	{
		"PARTY": "Ilantamilar Munnani Kazhagam",
		"NO_CONTESTING_CANDIDATES": 1,
		"PENDING_CRIMINAL_CASES_PER_CANDIDATE": 0.0
	},
	{
		"PARTY": "Hum Sabki Party",
		"NO_CONTESTING_CANDIDATES": 1,
		"PENDING_CRIMINAL_CASES_PER_CANDIDATE": 0.0
	},
	{
		"PARTY": "Hum Bhartiya Party",
		"NO_CONTESTING_CANDIDATES": 9,
		"PENDING_CRIMINAL_CASES_PER_CANDIDATE": 0.0
	},
	{
		"PARTY": "Hindustan Janta Party",
		"NO_CONTESTING_CANDIDATES": 7,
		"PENDING_CRIMINAL_CASES_PER_CANDIDATE": 0.0
	},
	{
		"PARTY": "Hindu Samaj Party",
		"NO_CONTESTING_CANDIDATES": 1,
		"PENDING_CRIMINAL_CASES_PER_CANDIDATE": 0.0
	},
	{
		"PARTY": "Himachal Jan Kranti Party",
		"NO_CONTESTING_CANDIDATES": 1,
		"PENDING_CRIMINAL_CASES_PER_CANDIDATE": 0.0
	},
	{
		"PARTY": "Hardam Manavtawadi Rashtriya Dal",
		"NO_CONTESTING_CANDIDATES": 1,
		"PENDING_CRIMINAL_CASES_PER_CANDIDATE": 0.0
	},
	{
		"PARTY": "Hamro Sikkim Party",
		"NO_CONTESTING_CANDIDATES": 1,
		"PENDING_CRIMINAL_CASES_PER_CANDIDATE": 0.0
	},
	{
		"PARTY": "Gujarat Janta Panchayat Party",
		"NO_CONTESTING_CANDIDATES": 1,
		"PENDING_CRIMINAL_CASES_PER_CANDIDATE": 0.0
	},
	{
		"PARTY": "Gondvana Gantantra Party",
		"NO_CONTESTING_CANDIDATES": 23,
		"PENDING_CRIMINAL_CASES_PER_CANDIDATE": 0.0
	},
	{
		"PARTY": "Garib Janshakti Party",
		"NO_CONTESTING_CANDIDATES": 1,
		"PENDING_CRIMINAL_CASES_PER_CANDIDATE": 0.0
	},
	{
		"PARTY": "Gareeb Aadmi Party",
		"NO_CONTESTING_CANDIDATES": 1,
		"PENDING_CRIMINAL_CASES_PER_CANDIDATE": 0.0
	},
	{
		"PARTY": "Ganasangam Party of India",
		"NO_CONTESTING_CANDIDATES": 3,
		"PENDING_CRIMINAL_CASES_PER_CANDIDATE": 0.0
	},
	{
		"PARTY": "Forward Democratic Labour Party",
		"NO_CONTESTING_CANDIDATES": 1,
		"PENDING_CRIMINAL_CASES_PER_CANDIDATE": 0.0
	},
	{
		"PARTY": "Fauji Janta Party",
		"NO_CONTESTING_CANDIDATES": 1,
		"PENDING_CRIMINAL_CASES_PER_CANDIDATE": 0.0
	},
	{
		"PARTY": "Ezhuchi Tamilargal Munnetra Kazhagam",
		"NO_CONTESTING_CANDIDATES": 1,
		"PENDING_CRIMINAL_CASES_PER_CANDIDATE": 0.0
	},
	{
		"PARTY": "Engineers Party",
		"NO_CONTESTING_CANDIDATES": 1,
		"PENDING_CRIMINAL_CASES_PER_CANDIDATE": 0.0
	},
	{
		"PARTY": "Dr. Bhimrao Ambedkar Dal",
		"NO_CONTESTING_CANDIDATES": 1,
		"PENDING_CRIMINAL_CASES_PER_CANDIDATE": 0.0
	},
	{
		"PARTY": "Dogra Swabhiman Sangathan Party",
		"NO_CONTESTING_CANDIDATES": 2,
		"PENDING_CRIMINAL_CASES_PER_CANDIDATE": 0.0
	},
	{
		"PARTY": "Jai Hind Samaj Party",
		"NO_CONTESTING_CANDIDATES": 1,
		"PENDING_CRIMINAL_CASES_PER_CANDIDATE": 0.0
	},
	{
		"PARTY": "Jai Lok Party",
		"NO_CONTESTING_CANDIDATES": 1,
		"PENDING_CRIMINAL_CASES_PER_CANDIDATE": 0.0
	},
	{
		"PARTY": "Jai Swaraj Party",
		"NO_CONTESTING_CANDIDATES": 1,
		"PENDING_CRIMINAL_CASES_PER_CANDIDATE": 0.0
	},
	{
		"PARTY": "Janhit Kisan Party",
		"NO_CONTESTING_CANDIDATES": 8,
		"PENDING_CRIMINAL_CASES_PER_CANDIDATE": 0.0
	},
	{
		"PARTY": "Kannada Chalavali Vatal Paksha",
		"NO_CONTESTING_CANDIDATES": 1,
		"PENDING_CRIMINAL_CASES_PER_CANDIDATE": 0.0
	},
	{
		"PARTY": "Kalyankari Jantantrik Party",
		"NO_CONTESTING_CANDIDATES": 1,
		"PENDING_CRIMINAL_CASES_PER_CANDIDATE": 0.0
	},
	{
		"PARTY": "Jwala Dal",
		"NO_CONTESTING_CANDIDATES": 1,
		"PENDING_CRIMINAL_CASES_PER_CANDIDATE": 0.0
	},
	{
		"PARTY": "Justice Party",
		"NO_CONTESTING_CANDIDATES": 1,
		"PENDING_CRIMINAL_CASES_PER_CANDIDATE": 0.0
	},
	{
		"PARTY": "Jharkhand Party (Secular)",
		"NO_CONTESTING_CANDIDATES": 1,
		"PENDING_CRIMINAL_CASES_PER_CANDIDATE": 0.0
	},
	{
		"PARTY": "Jharkhand Mukti Morcha (Ulgulan)",
		"NO_CONTESTING_CANDIDATES": 1,
		"PENDING_CRIMINAL_CASES_PER_CANDIDATE": 0.0
	},
	{
		"PARTY": "Jharkhand Anushilan Party",
		"NO_CONTESTING_CANDIDATES": 1,
		"PENDING_CRIMINAL_CASES_PER_CANDIDATE": 0.0
	},
	{
		"PARTY": "Janta Raj Vikas Party",
		"NO_CONTESTING_CANDIDATES": 1,
		"PENDING_CRIMINAL_CASES_PER_CANDIDATE": 0.0
	},
	{
		"PARTY": "Janta Raj Party",
		"NO_CONTESTING_CANDIDATES": 2,
		"PENDING_CRIMINAL_CASES_PER_CANDIDATE": 0.0
	},
	{
		"PARTY": "Janta Kranti Party (Rashtravadi)",
		"NO_CONTESTING_CANDIDATES": 2,
		"PENDING_CRIMINAL_CASES_PER_CANDIDATE": 0.0
	},
	{
		"PARTY": "Janta Dal Rashtravadi",
		"NO_CONTESTING_CANDIDATES": 3,
		"PENDING_CRIMINAL_CASES_PER_CANDIDATE": 0.0
	},
	{
		"PARTY": "Jansatta Party",
		"NO_CONTESTING_CANDIDATES": 2,
		"PENDING_CRIMINAL_CASES_PER_CANDIDATE": 0.0
	},
	{
		"PARTY": "Janral Samaj Party",
		"NO_CONTESTING_CANDIDATES": 5,
		"PENDING_CRIMINAL_CASES_PER_CANDIDATE": 0.0
	},
	{
		"PARTY": "Janhit Bharat Party",
		"NO_CONTESTING_CANDIDATES": 2,
		"PENDING_CRIMINAL_CASES_PER_CANDIDATE": 0.0
	},
	{
		"PARTY": "Jai Vijaya Bharathi Party",
		"NO_CONTESTING_CANDIDATES": 1,
		"PENDING_CRIMINAL_CASES_PER_CANDIDATE": 0.0
	},
	{
		"PARTY": "Janata Congress",
		"NO_CONTESTING_CANDIDATES": 7,
		"PENDING_CRIMINAL_CASES_PER_CANDIDATE": 0.0
	},
	{
		"PARTY": "Janapaalana Party (Democratic)",
		"NO_CONTESTING_CANDIDATES": 1,
		"PENDING_CRIMINAL_CASES_PER_CANDIDATE": 0.0
	},
	{
		"PARTY": "Jan Shakti Ekta Party",
		"NO_CONTESTING_CANDIDATES": 1,
		"PENDING_CRIMINAL_CASES_PER_CANDIDATE": 0.0
	},
	{
		"PARTY": "Jan Shakti Dal",
		"NO_CONTESTING_CANDIDATES": 2,
		"PENDING_CRIMINAL_CASES_PER_CANDIDATE": 0.0
	},
	{
		"PARTY": "Jan Seva Sahayak Party",
		"NO_CONTESTING_CANDIDATES": 2,
		"PENDING_CRIMINAL_CASES_PER_CANDIDATE": 0.0
	},
	{
		"PARTY": "Jan Satya Path Party",
		"NO_CONTESTING_CANDIDATES": 4,
		"PENDING_CRIMINAL_CASES_PER_CANDIDATE": 0.0
	},
	{
		"PARTY": "Jan Sangharsh Virat Party",
		"NO_CONTESTING_CANDIDATES": 5,
		"PENDING_CRIMINAL_CASES_PER_CANDIDATE": 0.0
	},
	{
		"PARTY": "Jan Sangh Party",
		"NO_CONTESTING_CANDIDATES": 1,
		"PENDING_CRIMINAL_CASES_PER_CANDIDATE": 0.0
	},
	{
		"PARTY": "Jan Samman party",
		"NO_CONTESTING_CANDIDATES": 2,
		"PENDING_CRIMINAL_CASES_PER_CANDIDATE": 0.0
	},
	{
		"PARTY": "Jan Adesh Akshuni Sena",
		"NO_CONTESTING_CANDIDATES": 1,
		"PENDING_CRIMINAL_CASES_PER_CANDIDATE": 0.0
	},
	{
		"PARTY": "Jammu & Kashmir Pir Panjal Awami Party",
		"NO_CONTESTING_CANDIDATES": 1,
		"PENDING_CRIMINAL_CASES_PER_CANDIDATE": 0.0
	},
	{
		"PARTY": "Jammu & Kashmir People Conference",
		"NO_CONTESTING_CANDIDATES": 3,
		"PENDING_CRIMINAL_CASES_PER_CANDIDATE": 0.0
	},
	{
		"PARTY": "Jamat-E-Seratul Mustakim",
		"NO_CONTESTING_CANDIDATES": 2,
		"PENDING_CRIMINAL_CASES_PER_CANDIDATE": 0.0
	},
	{
		"PARTY": "Yuva Vikas Party",
		"NO_CONTESTING_CANDIDATES": 1,
		"PENDING_CRIMINAL_CASES_PER_CANDIDATE": 0.0
	}
]